{
  "earth_dist_km": {
    "VOYAGER 1": 25404509414.11107,
    "VOYAGER 2": 21340871650.37215
  },
  "updated_utc": "2026-03-26 18:41:41Z"
}