{
  "earth_dist_km": {
    "VOYAGER 1": 25429360629.603203,
    "VOYAGER 2": 21307287537.647133
  },
  "updated_utc": "2026-06-09 19:07:57Z"
}