{
  "earth_dist_km": {
    "VOYAGER 1": 25483667293.475994,
    "VOYAGER 2": 21325105458.88805
  },
  "updated_utc": "2026-07-07 04:28:09Z"
}