{
  "earth_dist_km": {
    "VOYAGER 1": 25415708647.971848,
    "VOYAGER 2": 21306386569.455017
  },
  "updated_utc": "2026-05-30 12:47:11Z"
}