{
  "earth_dist_km": {
    "VOYAGER 1": 25415853500.24823,
    "VOYAGER 2": 21306380905.434742
  },
  "updated_utc": "2026-05-30 15:48:55Z"
}