{
  "earth_dist_km": {
    "VOYAGER 1": 25396252813.03703,
    "VOYAGER 2": 21325517366.361404
  },
  "updated_utc": "2026-04-17 21:37:09Z"
}