{
  "earth_dist_km": {
    "VOYAGER 1": 25409460380.49802,
    "VOYAGER 2": 21345874484.68394
  },
  "updated_utc": "2026-03-18 09:39:05Z"
}