{
  "earth_dist_km": {
    "VOYAGER 1": 25408200441.01722,
    "VOYAGER 2": 21307379498.39505
  },
  "updated_utc": "2026-05-23 04:37:06Z"
}