{
  "earth_dist_km": {
    "VOYAGER 1": 25429350396.047085,
    "VOYAGER 2": 21353342206.478153
  },
  "updated_utc": "2026-02-14 12:37:20Z"
}