{
  "earth_dist_km": {
    "VOYAGER 1": 25398244458.975697,
    "VOYAGER 2": 21331274489.147022
  },
  "updated_utc": "2026-04-09 18:41:05Z"
}