{
  "earth_dist_km": {
    "VOYAGER 1": 25427258992.470535,
    "VOYAGER 2": 21353737068.222694
  },
  "updated_utc": "2026-02-18 09:38:23Z"
}