{
  "earth_dist_km": {
    "VOYAGER 1": 25417349433.964386,
    "VOYAGER 2": 21351294015.13342
  },
  "updated_utc": "2026-03-06 06:38:09Z"
}