{
  "earth_dist_km": {
    "VOYAGER 1": 25396580644.12533,
    "VOYAGER 2": 21326821125.424324
  },
  "updated_utc": "2026-04-16 01:06:02Z"
}