{
  "earth_dist_km": {
    "VOYAGER 1": 25403114635.765625,
    "VOYAGER 2": 21339160985.70946
  },
  "updated_utc": "2026-03-29 09:36:30Z"
}