{
  "earth_dist_km": {
    "VOYAGER 1": 25396755006.721172,
    "VOYAGER 2": 21315949886.301357
  },
  "updated_utc": "2026-05-02 15:37:59Z"
}