{
  "earth_dist_km": {
    "VOYAGER 1": 25426403110.277462,
    "VOYAGER 2": 21353776598.537205
  },
  "updated_utc": "2026-02-19 21:36:21Z"
}