{
  "earth_dist_km": {
    "VOYAGER 1": 25395767976.59806,
    "VOYAGER 2": 21320836001.456665
  },
  "updated_utc": "2026-04-24 18:37:56Z"
}