{
  "earth_dist_km": {
    "VOYAGER 1": 25421820386.445652,
    "VOYAGER 2": 21353091564.256718
  },
  "updated_utc": "2026-02-27 09:37:12Z"
}