{
  "earth_dist_km": {
    "VOYAGER 1": 25415528155.28169,
    "VOYAGER 2": 21350292478.554733
  },
  "updated_utc": "2026-03-09 00:53:24Z"
}