{
  "earth_dist_km": {
    "VOYAGER 1": 25401273214.982136,
    "VOYAGER 2": 21310380981.186077
  },
  "updated_utc": "2026-05-13 19:03:10Z"
}