{
  "earth_dist_km": {
    "VOYAGER 1": 25406422582.40796,
    "VOYAGER 2": 21342981164.058853
  },
  "updated_utc": "2026-03-23 09:44:33Z"
}