{
  "earth_dist_km": {
    "VOYAGER 1": 25412693261.853943,
    "VOYAGER 2": 21306606451.182735
  },
  "updated_utc": "2026-05-27 19:09:32Z"
}