{
  "earth_dist_km": {
    "VOYAGER 1": 25423626405.035526,
    "VOYAGER 2": 21353521545.749023
  },
  "updated_utc": "2026-02-24 12:38:37Z"
}