{
  "earth_dist_km": {
    "VOYAGER 1": 25435849350.53768,
    "VOYAGER 2": 21345373154.563446
  },
  "updated_utc": "2026-01-27 09:36:16Z"
}