{
  "earth_dist_km": {
    "VOYAGER 1": 25432465949.328796,
    "VOYAGER 2": 21307803893.224068
  },
  "updated_utc": "2026-06-11 19:19:28Z"
}