{
  "earth_dist_km": {
    "VOYAGER 1": 25442797493.589207,
    "VOYAGER 2": 21310112639.73101
  },
  "updated_utc": "2026-06-17 22:05:22Z"
}