{
  "earth_dist_km": {
    "VOYAGER 1": 25418301475.889095,
    "VOYAGER 2": 21306344959.07913
  },
  "updated_utc": "2026-06-01 17:09:11Z"
}