{
  "earth_dist_km": {
    "VOYAGER 1": 25405843782.138756,
    "VOYAGER 2": 21342368925.708305
  },
  "updated_utc": "2026-03-24 09:41:07Z"
}