{
  "earth_dist_km": {
    "VOYAGER 1": 25519013776.341034,
    "VOYAGER 2": 21342827035.768875
  },
  "updated_utc": "2026-07-20 14:35:33Z"
}