{
  "earth_dist_km": {
    "VOYAGER 1": 25443316754.365044,
    "VOYAGER 2": 21310249552.531574
  },
  "updated_utc": "2026-06-18 05:00:00Z"
}