{
  "earth_dist_km": {
    "VOYAGER 1": 25406868220.634895,
    "VOYAGER 2": 21343438344.070763
  },
  "updated_utc": "2026-03-22 15:34:33Z"
}