{
  "earth_dist_km": {
    "VOYAGER 1": 25401508413.373608,
    "VOYAGER 2": 21336963031.452553
  },
  "updated_utc": "2026-04-01 15:52:35Z"
}