{
  "earth_dist_km": {
    "VOYAGER 1": 25432724119.153225,
    "VOYAGER 2": 21351367537.806915
  },
  "updated_utc": "2026-02-07 04:06:58Z"
}