{
  "earth_dist_km": {
    "VOYAGER 1": 25433879349.24899,
    "VOYAGER 2": 21350012279.256725
  },
  "updated_utc": "2026-02-04 00:49:04Z"
}