{
  "earth_dist_km": {
    "VOYAGER 1": 25396140742.305286,
    "VOYAGER 2": 21317877240.77581
  },
  "updated_utc": "2026-04-29 10:06:18Z"
}