{
  "earth_dist_km": {
    "VOYAGER 1": 25438919674.896717,
    "VOYAGER 2": 21309149539.96209
  },
  "updated_utc": "2026-06-15 17:09:13Z"
}