{
  "earth_dist_km": {
    "VOYAGER 1": 25528230892.487827,
    "VOYAGER 2": 21347978354.18017
  },
  "updated_utc": "2026-07-23 19:48:58Z"
}