{
  "earth_dist_km": {
    "VOYAGER 1": 25409149271.107082,
    "VOYAGER 2": 21345601017.799088
  },
  "updated_utc": "2026-03-18 21:36:20Z"
}