{
  "earth_dist_km": {
    "VOYAGER 1": 25411547949.69286,
    "VOYAGER 2": 21306746812.44883
  },
  "updated_utc": "2026-05-26 16:37:59Z"
}