{
  "earth_dist_km": {
    "VOYAGER 1": 25507183357.288868,
    "VOYAGER 2": 21336515836.78713
  },
  "updated_utc": "2026-07-16 07:54:17Z"
}