{
  "earth_dist_km": {
    "VOYAGER 1": 25406351961.565495,
    "VOYAGER 2": 21342907597.134205
  },
  "updated_utc": "2026-03-23 12:38:42Z"
}