{
  "earth_dist_km": {
    "VOYAGER 1": 25396973459.444496,
    "VOYAGER 2": 21315448926.88973
  },
  "updated_utc": "2026-05-03 12:38:52Z"
}