{
  "earth_dist_km": {
    "VOYAGER 1": 25408504869.30768,
    "VOYAGER 2": 21307306300.51046
  },
  "updated_utc": "2026-05-23 12:43:37Z"
}