{
  "earth_dist_km": {
    "VOYAGER 1": 25408732892.766457,
    "VOYAGER 2": 21307253730.17091
  },
  "updated_utc": "2026-05-23 18:43:12Z"
}