{
  "earth_dist_km": {
    "VOYAGER 1": 25396213975.701923,
    "VOYAGER 2": 21317580655.051315
  },
  "updated_utc": "2026-04-29 21:44:02Z"
}