{
  "earth_dist_km": {
    "VOYAGER 1": 25508505871.58314,
    "VOYAGER 2": 21337203765.89522
  },
  "updated_utc": "2026-07-16 19:36:10Z"
}