{
  "earth_dist_km": {
    "VOYAGER 1": 25402497204.78662,
    "VOYAGER 2": 21309597005.159737
  },
  "updated_utc": "2026-05-15 18:57:33Z"
}