{
  "earth_dist_km": {
    "VOYAGER 1": 25395839462.729774,
    "VOYAGER 2": 21319697567.804848
  },
  "updated_utc": "2026-04-26 12:38:22Z"
}