{
  "earth_dist_km": {
    "VOYAGER 1": 25434245189.84304,
    "VOYAGER 2": 21308140036.048923
  },
  "updated_utc": "2026-06-12 21:59:22Z"
}