{
  "earth_dist_km": {
    "VOYAGER 1": 25504843220.448483,
    "VOYAGER 2": 21335309868.974182
  },
  "updated_utc": "2026-07-15 11:03:39Z"
}