{
  "earth_dist_km": {
    "VOYAGER 1": 25431683453.517567,
    "VOYAGER 2": 21352218993.325577
  },
  "updated_utc": "2026-02-09 15:40:52Z"
}