{
  "earth_dist_km": {
    "VOYAGER 1": 25510610596.48885,
    "VOYAGER 2": 21338307924.583813
  },
  "updated_utc": "2026-07-17 14:06:33Z"
}