{
  "earth_dist_km": {
    "VOYAGER 1": 25466543125.929127,
    "VOYAGER 2": 21317929128.21454
  },
  "updated_utc": "2026-06-29 19:05:22Z"
}