{
  "earth_dist_km": {
    "VOYAGER 1": 25435078280.34341,
    "VOYAGER 2": 21308306902.207104
  },
  "updated_utc": "2026-06-13 10:15:15Z"
}