{
  "earth_dist_km": {
    "VOYAGER 1": 25426038454.535847,
    "VOYAGER 2": 21353774994.646446
  },
  "updated_utc": "2026-02-20 12:38:20Z"
}