{
  "earth_dist_km": {
    "VOYAGER 1": 25434514869.23515,
    "VOYAGER 2": 21348984388.06393
  },
  "updated_utc": "2026-02-02 00:53:33Z"
}