{
  "earth_dist_km": {
    "VOYAGER 1": 25480646157.088158,
    "VOYAGER 2": 21323762967.022766
  },
  "updated_utc": "2026-07-05 22:26:23Z"
}