{
  "earth_dist_km": {
    "VOYAGER 1": 25416744851.309006,
    "VOYAGER 2": 21306355039.04535
  },
  "updated_utc": "2026-05-31 10:07:48Z"
}