{
  "earth_dist_km": {
    "VOYAGER 1": 25398715726.03356,
    "VOYAGER 2": 21312713519.966496
  },
  "updated_utc": "2026-05-08 15:54:44Z"
}