{
  "earth_dist_km": {
    "VOYAGER 1": 25428045048.418533,
    "VOYAGER 2": 21307097745.264347
  },
  "updated_utc": "2026-06-08 22:00:00Z"
}