{
  "earth_dist_km": {
    "VOYAGER 1": 25460089309.06952,
    "VOYAGER 2": 21315525374.733337
  },
  "updated_utc": "2026-06-26 19:00:48Z"
}