{
  "earth_dist_km": {
    "VOYAGER 1": 25428640783.386993,
    "VOYAGER 2": 21307181453.136932
  },
  "updated_utc": "2026-06-09 07:37:41Z"
}