{
  "earth_dist_km": {
    "VOYAGER 1": 25406277440.423756,
    "VOYAGER 2": 21342829205.82226
  },
  "updated_utc": "2026-03-23 15:42:59Z"
}