{
  "earth_dist_km": {
    "VOYAGER 1": 25411447185.39333,
    "VOYAGER 2": 21347508495.819893
  },
  "updated_utc": "2026-03-15 06:39:57Z"
}