{
  "earth_dist_km": {
    "VOYAGER 1": 25435760588.489044,
    "VOYAGER 2": 21345734062.809612
  },
  "updated_utc": "2026-01-27 21:31:06Z"
}