{
  "earth_dist_km": {
    "VOYAGER 1": 25396441043.84065,
    "VOYAGER 2": 21326302338.35188
  },
  "updated_utc": "2026-04-16 18:46:11Z"
}