{
  "earth_dist_km": {
    "VOYAGER 1": 25417509170.01261,
    "VOYAGER 2": 21306344704.000416
  },
  "updated_utc": "2026-06-01 01:30:44Z"
}