{
  "earth_dist_km": {
    "VOYAGER 1": 25395804437.681705,
    "VOYAGER 2": 21320101868.674175
  },
  "updated_utc": "2026-04-25 21:36:29Z"
}