{
  "earth_dist_km": {
    "VOYAGER 1": 25432273789.738754,
    "VOYAGER 2": 21351770435.02847
  },
  "updated_utc": "2026-02-08 06:38:20Z"
}