{
  "earth_dist_km": {
    "VOYAGER 1": 25413971365.659748,
    "VOYAGER 2": 21349318733.823925
  },
  "updated_utc": "2026-03-11 09:37:29Z"
}