{
  "earth_dist_km": {
    "VOYAGER 1": 25397148719.397224,
    "VOYAGER 2": 21328603263.664024
  },
  "updated_utc": "2026-04-13 12:45:00Z"
}