{
  "earth_dist_km": {
    "VOYAGER 1": 25400334146.217514,
    "VOYAGER 2": 21335154894.765396
  },
  "updated_utc": "2026-04-04 06:41:41Z"
}