{
  "earth_dist_km": {
    "VOYAGER 1": 25402417676.369335,
    "VOYAGER 2": 21338240877.530045
  },
  "updated_utc": "2026-03-30 18:40:33Z"
}