{
  "earth_dist_km": {
    "VOYAGER 1": 25435933181.72198,
    "VOYAGER 2": 21344999680.393356
  },
  "updated_utc": "2026-01-26 21:33:57Z"
}