{
  "earth_dist_km": {
    "VOYAGER 1": 25418567169.839565,
    "VOYAGER 2": 21306347454.283375
  },
  "updated_utc": "2026-06-01 22:20:48Z"
}