{
  "earth_dist_km": {
    "VOYAGER 1": 25411295526.33841,
    "VOYAGER 2": 21306782477.338043
  },
  "updated_utc": "2026-05-26 10:38:41Z"
}