{
  "earth_dist_km": {
    "VOYAGER 1": 25408605929.269157,
    "VOYAGER 2": 21345111470.91247
  },
  "updated_utc": "2026-03-19 18:38:53Z"
}