{
  "earth_dist_km": {
    "VOYAGER 1": 25398581809.06173,
    "VOYAGER 2": 21331981695.165028
  },
  "updated_utc": "2026-04-08 18:48:41Z"
}