{
  "earth_dist_km": {
    "VOYAGER 1": 25425226438.663063,
    "VOYAGER 2": 21353734867.705738
  },
  "updated_utc": "2026-02-21 21:34:11Z"
}