{
  "earth_dist_km": {
    "VOYAGER 1": 25517787124.82455,
    "VOYAGER 2": 21342156598.116226
  },
  "updated_utc": "2026-07-20 04:08:18Z"
}