{
  "earth_dist_km": {
    "VOYAGER 1": 25397187976.274403,
    "VOYAGER 2": 21315008601.715218
  },
  "updated_utc": "2026-05-04 07:26:33Z"
}