{
  "earth_dist_km": {
    "VOYAGER 1": 25439779016.509026,
    "VOYAGER 2": 21309353646.46951
  },
  "updated_utc": "2026-06-16 05:05:37Z"
}