{
  "earth_dist_km": {
    "VOYAGER 1": 25413643718.399796,
    "VOYAGER 2": 21349100023.742355
  },
  "updated_utc": "2026-03-11 21:36:00Z"
}