{
  "earth_dist_km": {
    "VOYAGER 1": 25443965157.887688,
    "VOYAGER 2": 21310423036.683746
  },
  "updated_utc": "2026-06-18 13:35:29Z"
}