{
  "earth_dist_km": {
    "VOYAGER 1": 25397988073.163155,
    "VOYAGER 2": 21313667884.34941
  },
  "updated_utc": "2026-05-06 18:58:44Z"
}