{
  "earth_dist_km": {
    "VOYAGER 1": 25411921679.87015,
    "VOYAGER 2": 21306697214.171993
  },
  "updated_utc": "2026-05-27 01:23:32Z"
}