{
  "earth_dist_km": {
    "VOYAGER 1": 25396876622.770737,
    "VOYAGER 2": 21327801938.73541
  },
  "updated_utc": "2026-04-14 15:50:26Z"
}