{
  "earth_dist_km": {
    "VOYAGER 1": 25425729630.740936,
    "VOYAGER 2": 21306809239.676903
  },
  "updated_utc": "2026-06-07 07:43:31Z"
}