{
  "earth_dist_km": {
    "VOYAGER 1": 25455462034.38145,
    "VOYAGER 2": 21313919514.34492
  },
  "updated_utc": "2026-06-24 13:08:19Z"
}