{
  "earth_dist_km": {
    "VOYAGER 1": 25461659730.14997,
    "VOYAGER 2": 21316093341.121964
  },
  "updated_utc": "2026-06-27 12:51:24Z"
}