{
  "earth_dist_km": {
    "VOYAGER 1": 25433667049.82152,
    "VOYAGER 2": 21350303537.089016
  },
  "updated_utc": "2026-02-04 15:37:46Z"
}