{
  "earth_dist_km": {
    "VOYAGER 1": 25411932298.307545,
    "VOYAGER 2": 21347878975.23314
  },
  "updated_utc": "2026-03-14 12:37:40Z"
}