{
  "earth_dist_km": {
    "VOYAGER 1": 25406062857.670887,
    "VOYAGER 2": 21308001306.90515
  },
  "updated_utc": "2026-05-20 16:30:38Z"
}