{
  "earth_dist_km": {
    "VOYAGER 1": 25423703293.850426,
    "VOYAGER 2": 21353535580.974148
  },
  "updated_utc": "2026-02-24 09:39:10Z"
}