{
  "earth_dist_km": {
    "VOYAGER 1": 25455957798.513054,
    "VOYAGER 2": 21314086557.96415
  },
  "updated_utc": "2026-06-24 19:00:07Z"
}