{
  "earth_dist_km": {
    "VOYAGER 1": 25406153139.548256,
    "VOYAGER 2": 21307970839.51104
  },
  "updated_utc": "2026-05-20 19:10:13Z"
}