{
  "earth_dist_km": {
    "VOYAGER 1": 25519647647.387127,
    "VOYAGER 2": 21343174891.37824
  },
  "updated_utc": "2026-07-20 19:58:58Z"
}