{
  "earth_dist_km": {
    "VOYAGER 1": 25395799828.412346,
    "VOYAGER 2": 21322410964.581078
  },
  "updated_utc": "2026-04-22 09:55:29Z"
}