{
  "earth_dist_km": {
    "VOYAGER 1": 25463566609.416416,
    "VOYAGER 2": 21316797889.770332
  },
  "updated_utc": "2026-06-28 10:15:17Z"
}