{
  "earth_dist_km": {
    "VOYAGER 1": 25418732978.940327,
    "VOYAGER 2": 21351953672.627853
  },
  "updated_utc": "2026-03-04 04:07:02Z"
}