{
  "earth_dist_km": {
    "VOYAGER 1": 25409382119.902367,
    "VOYAGER 2": 21345806155.761986
  },
  "updated_utc": "2026-03-18 12:39:08Z"
}