{
  "earth_dist_km": {
    "VOYAGER 1": 25446988018.03051,
    "VOYAGER 2": 21311267485.413326
  },
  "updated_utc": "2026-06-20 04:51:25Z"
}