{
  "earth_dist_km": {
    "VOYAGER 1": 25395763654.04499,
    "VOYAGER 2": 21321494334.412354
  },
  "updated_utc": "2026-04-23 18:44:21Z"
}