{
  "earth_dist_km": {
    "VOYAGER 1": 25400996770.245415,
    "VOYAGER 2": 21310581424.937897
  },
  "updated_utc": "2026-05-13 07:28:05Z"
}