{
  "earth_dist_km": {
    "VOYAGER 1": 25407080867.628708,
    "VOYAGER 2": 21307680257.87655
  },
  "updated_utc": "2026-05-21 21:53:45Z"
}