{
  "earth_dist_km": {
    "VOYAGER 1": 25435735638.89232,
    "VOYAGER 2": 21345830049.07681
  },
  "updated_utc": "2026-01-28 00:44:20Z"
}