{
  "earth_dist_km": {
    "VOYAGER 1": 25425375668.875492,
    "VOYAGER 2": 21353745885.371204
  },
  "updated_utc": "2026-02-21 15:34:32Z"
}