{
  "earth_dist_km": {
    "VOYAGER 1": 25487971930.294548,
    "VOYAGER 2": 21327070051.771523
  },
  "updated_utc": "2026-07-08 22:27:48Z"
}