{
  "earth_dist_km": {
    "VOYAGER 1": 25397589993.494553,
    "VOYAGER 2": 21329764640.78264
  },
  "updated_utc": "2026-04-11 21:35:54Z"
}