{
  "earth_dist_km": {
    "VOYAGER 1": 25396484615.397247,
    "VOYAGER 2": 21316673743.762623
  },
  "updated_utc": "2026-05-01 09:57:56Z"
}