{
  "earth_dist_km": {
    "VOYAGER 1": 25435226464.293762,
    "VOYAGER 2": 21347427466.048264
  },
  "updated_utc": "2026-01-30 09:37:09Z"
}