{
  "earth_dist_km": {
    "VOYAGER 1": 25395856681.469563,
    "VOYAGER 2": 21323089886.956055
  },
  "updated_utc": "2026-04-21 09:54:33Z"
}