{
  "earth_dist_km": {
    "VOYAGER 1": 25406684483.36443,
    "VOYAGER 2": 21307799531.37541
  },
  "updated_utc": "2026-05-21 10:37:09Z"
}