{
  "earth_dist_km": {
    "VOYAGER 1": 25395832816.943413,
    "VOYAGER 2": 21322839428.841476
  },
  "updated_utc": "2026-04-21 18:44:21Z"
}