{
  "earth_dist_km": {
    "VOYAGER 1": 25396848812.734245,
    "VOYAGER 2": 21327715280.618843
  },
  "updated_utc": "2026-04-14 18:46:07Z"
}