{
  "earth_dist_km": {
    "VOYAGER 1": 25420684074.284546,
    "VOYAGER 2": 21352728788.307865
  },
  "updated_utc": "2026-03-01 04:09:49Z"
}