{
  "earth_dist_km": {
    "VOYAGER 1": 25431176488.634483,
    "VOYAGER 2": 21352542696.33529
  },
  "updated_utc": "2026-02-10 18:43:38Z"
}