{
  "earth_dist_km": {
    "VOYAGER 1": 25416444813.975697,
    "VOYAGER 2": 21350815229.431297
  },
  "updated_utc": "2026-03-07 15:33:20Z"
}