{
  "earth_dist_km": {
    "VOYAGER 1": 25426184462.40222,
    "VOYAGER 2": 21353776902.84092
  },
  "updated_utc": "2026-02-20 06:38:53Z"
}