{
  "earth_dist_km": {
    "VOYAGER 1": 25422598353.106422,
    "VOYAGER 2": 21306520466.538494
  },
  "updated_utc": "2026-06-05 01:24:56Z"
}