{
  "earth_dist_km": {
    "VOYAGER 1": 25427327326.71775,
    "VOYAGER 2": 21353731148.31294
  },
  "updated_utc": "2026-02-18 06:43:06Z"
}