{
  "earth_dist_km": {
    "VOYAGER 1": 25499405230.18341,
    "VOYAGER 2": 21332564713.329174
  },
  "updated_utc": "2026-07-13 09:50:00Z"
}