{
  "earth_dist_km": {
    "VOYAGER 1": 25403438606.734802,
    "VOYAGER 2": 21309089704.861286
  },
  "updated_utc": "2026-05-17 04:42:33Z"
}