{
  "earth_dist_km": {
    "VOYAGER 1": 25402600609.06179,
    "VOYAGER 2": 21338487035.900623
  },
  "updated_utc": "2026-03-30 09:52:47Z"
}