{
  "earth_dist_km": {
    "VOYAGER 1": 25398445600.761135,
    "VOYAGER 2": 21331701043.997944
  },
  "updated_utc": "2026-04-09 04:17:14Z"
}