{
  "earth_dist_km": {
    "VOYAGER 1": 25440651904.071373,
    "VOYAGER 2": 21309566509.406437
  },
  "updated_utc": "2026-06-16 17:05:50Z"
}