{
  "earth_dist_km": {
    "VOYAGER 1": 25400708818.002045,
    "VOYAGER 2": 21310800847.953648
  },
  "updated_utc": "2026-05-12 19:03:46Z"
}