{
  "earth_dist_km": {
    "VOYAGER 1": 25521834069.758465,
    "VOYAGER 2": 21344382039.947456
  },
  "updated_utc": "2026-07-21 14:27:13Z"
}