{
  "earth_dist_km": {
    "VOYAGER 1": 25420125602.144863,
    "VOYAGER 2": 21352526076.924286
  },
  "updated_utc": "2026-03-02 00:52:52Z"
}