{
  "earth_dist_km": {
    "VOYAGER 1": 25397208569.313007,
    "VOYAGER 2": 21328769671.453793
  },
  "updated_utc": "2026-04-13 07:08:32Z"
}