{
  "earth_dist_km": {
    "VOYAGER 1": 25405269193.97714,
    "VOYAGER 2": 21308287291.05379
  },
  "updated_utc": "2026-05-19 16:30:05Z"
}