{
  "earth_dist_km": {
    "VOYAGER 1": 25397523287.62249,
    "VOYAGER 2": 21314398106.70207
  },
  "updated_utc": "2026-05-05 10:05:58Z"
}