{
  "earth_dist_km": {
    "VOYAGER 1": 25404234520.624825,
    "VOYAGER 2": 21340547086.833363
  },
  "updated_utc": "2026-03-27 06:47:46Z"
}