{
  "earth_dist_km": {
    "VOYAGER 1": 25398541045.684902,
    "VOYAGER 2": 21331898362.889034
  },
  "updated_utc": "2026-04-08 21:37:22Z"
}