{
  "earth_dist_km": {
    "VOYAGER 1": 25410011472.076614,
    "VOYAGER 2": 21346346957.641663
  },
  "updated_utc": "2026-03-17 12:38:54Z"
}