{
  "earth_dist_km": {
    "VOYAGER 1": 25411691231.211063,
    "VOYAGER 2": 21347696237.753433
  },
  "updated_utc": "2026-03-14 21:34:43Z"
}