{
  "earth_dist_km": {
    "VOYAGER 1": 25457763183.719505,
    "VOYAGER 2": 21314705174.721592
  },
  "updated_utc": "2026-06-25 16:10:40Z"
}