{
  "earth_dist_km": {
    "VOYAGER 1": 25414609943.811024,
    "VOYAGER 2": 21306443481.013382
  },
  "updated_utc": "2026-05-29 13:31:15Z"
}