{
  "earth_dist_km": {
    "VOYAGER 1": 25509971744.68783,
    "VOYAGER 2": 21337971572.806087
  },
  "updated_utc": "2026-07-17 08:30:41Z"
}