{
  "earth_dist_km": {
    "VOYAGER 1": 25483081736.39787,
    "VOYAGER 2": 21324842873.02135
  },
  "updated_utc": "2026-07-06 22:41:17Z"
}