{
  "earth_dist_km": {
    "VOYAGER 1": 25428361283.602825,
    "VOYAGER 2": 21353586982.486984
  },
  "updated_utc": "2026-02-16 09:38:59Z"
}