{
  "earth_dist_km": {
    "VOYAGER 1": 25397312805.881516,
    "VOYAGER 2": 21329052252.084454
  },
  "updated_utc": "2026-04-12 21:36:00Z"
}