{
  "earth_dist_km": {
    "VOYAGER 1": 25432313968.55769,
    "VOYAGER 2": 21351736762.37267
  },
  "updated_utc": "2026-02-08 04:19:37Z"
}