{
  "earth_dist_km": {
    "VOYAGER 1": 25397698552.922813,
    "VOYAGER 2": 21330030210.50249
  },
  "updated_utc": "2026-04-11 12:38:04Z"
}