{
  "earth_dist_km": {
    "VOYAGER 1": 25402905638.372936,
    "VOYAGER 2": 21309367830.983795
  },
  "updated_utc": "2026-05-16 09:53:22Z"
}