{
  "earth_dist_km": {
    "VOYAGER 1": 25406484509.303833,
    "VOYAGER 2": 21307862428.24111
  },
  "updated_utc": "2026-05-21 04:51:32Z"
}