{
  "earth_dist_km": {
    "VOYAGER 1": 25403848958.04132,
    "VOYAGER 2": 21308890376.599266
  },
  "updated_utc": "2026-05-17 18:43:34Z"
}