{
  "earth_dist_km": {
    "VOYAGER 1": 25431729499.44194,
    "VOYAGER 2": 21307673119.731186
  },
  "updated_utc": "2026-06-11 08:05:53Z"
}