{
  "earth_dist_km": {
    "VOYAGER 1": 25403760169.631767,
    "VOYAGER 2": 21308932469.23969
  },
  "updated_utc": "2026-05-17 15:43:20Z"
}