{
  "earth_dist_km": {
    "VOYAGER 1": 25492737638.744522,
    "VOYAGER 2": 21329312997.031616
  },
  "updated_utc": "2026-07-10 19:54:57Z"
}