{
  "earth_dist_km": {
    "VOYAGER 1": 25415040363.683327,
    "VOYAGER 2": 21349998993.013912
  },
  "updated_utc": "2026-03-09 18:38:16Z"
}