{
  "earth_dist_km": {
    "VOYAGER 1": 25417185114.34192,
    "VOYAGER 2": 21351209806.809822
  },
  "updated_utc": "2026-03-06 12:37:52Z"
}