{
  "earth_dist_km": {
    "VOYAGER 1": 25398612885.31486,
    "VOYAGER 2": 21312837257.176617
  },
  "updated_utc": "2026-05-08 09:56:32Z"
}