{
  "earth_dist_km": {
    "VOYAGER 1": 25418664715.83408,
    "VOYAGER 2": 21351923220.59782
  },
  "updated_utc": "2026-03-04 06:37:46Z"
}