{
  "earth_dist_km": {
    "VOYAGER 1": 25481277506.326653,
    "VOYAGER 2": 21324040977.748123
  },
  "updated_utc": "2026-07-06 04:45:54Z"
}