{
  "earth_dist_km": {
    "VOYAGER 1": 25422531540.75236,
    "VOYAGER 2": 21353283205.849625
  },
  "updated_utc": "2026-02-26 06:41:05Z"
}