{
  "earth_dist_km": {
    "VOYAGER 1": 25430829134.073906,
    "VOYAGER 2": 21352735879.777607
  },
  "updated_utc": "2026-02-11 12:39:05Z"
}