{
  "earth_dist_km": {
    "VOYAGER 1": 25404290688.25746,
    "VOYAGER 2": 21340613879.103825
  },
  "updated_utc": "2026-03-27 04:18:12Z"
}