{
  "earth_dist_km": {
    "VOYAGER 1": 25403757068.556297,
    "VOYAGER 2": 21339969119.376385
  },
  "updated_utc": "2026-03-28 04:08:29Z"
}