{
  "earth_dist_km": {
    "VOYAGER 1": 25396272283.62106,
    "VOYAGER 2": 21325604354.930992
  },
  "updated_utc": "2026-04-17 18:38:41Z"
}