{
  "earth_dist_km": {
    "VOYAGER 1": 25432928404.84645,
    "VOYAGER 2": 21351164271.21515
  },
  "updated_utc": "2026-02-06 15:37:17Z"
}