{
  "earth_dist_km": {
    "VOYAGER 1": 25439277478.54996,
    "VOYAGER 2": 21309233857.920948
  },
  "updated_utc": "2026-06-15 22:08:20Z"
}