{
  "earth_dist_km": {
    "VOYAGER 1": 25427004781.16717,
    "VOYAGER 2": 21306960719.202297
  },
  "updated_utc": "2026-06-08 04:59:51Z"
}