{
  "earth_dist_km": {
    "VOYAGER 1": 25403515313.221146,
    "VOYAGER 2": 21309051501.97638
  },
  "updated_utc": "2026-05-17 07:21:32Z"
}