{
  "earth_dist_km": {
    "VOYAGER 1": 25418582766.31184,
    "VOYAGER 2": 21351886372.594437
  },
  "updated_utc": "2026-03-04 09:37:29Z"
}