{
  "earth_dist_km": {
    "VOYAGER 1": 25430167135.761547,
    "VOYAGER 2": 21307412645.314663
  },
  "updated_utc": "2026-06-10 07:51:32Z"
}