{
  "earth_dist_km": {
    "VOYAGER 1": 25419386413.454144,
    "VOYAGER 2": 21352233944.778194
  },
  "updated_utc": "2026-03-03 04:08:26Z"
}