{
  "earth_dist_km": {
    "VOYAGER 1": 25502797804.600857,
    "VOYAGER 2": 21334267804.171093
  },
  "updated_utc": "2026-07-14 16:40:50Z"
}