{
  "earth_dist_km": {
    "VOYAGER 1": 25464334294.702835,
    "VOYAGER 2": 21317086033.735767
  },
  "updated_utc": "2026-06-28 18:47:23Z"
}