{
  "earth_dist_km": {
    "VOYAGER 1": 25401717009.710247,
    "VOYAGER 2": 21310078342.737347
  },
  "updated_utc": "2026-05-14 13:01:41Z"
}