{
  "earth_dist_km": {
    "VOYAGER 1": 25395937965.17503,
    "VOYAGER 2": 21323769263.789223
  },
  "updated_utc": "2026-04-20 10:05:19Z"
}