{
  "earth_dist_km": {
    "VOYAGER 1": 25435889635.48758,
    "VOYAGER 2": 21345198593.438667
  },
  "updated_utc": "2026-01-27 03:55:58Z"
}