{
  "earth_dist_km": {
    "VOYAGER 1": 25427942316.33841,
    "VOYAGER 2": 21353658155.85075
  },
  "updated_utc": "2026-02-17 04:08:41Z"
}