{
  "earth_dist_km": {
    "VOYAGER 1": 25430350076.31532,
    "VOYAGER 2": 21307441924.032444
  },
  "updated_utc": "2026-06-10 10:43:31Z"
}