{
  "earth_dist_km": {
    "VOYAGER 1": 25421281270.435112,
    "VOYAGER 2": 21306437506.914986
  },
  "updated_utc": "2026-06-04 01:34:17Z"
}