{
  "earth_dist_km": {
    "VOYAGER 1": 25423596075.247314,
    "VOYAGER 2": 21306598990.32348
  },
  "updated_utc": "2026-06-05 19:03:35Z"
}