{
  "earth_dist_km": {
    "VOYAGER 1": 25408069656.81303,
    "VOYAGER 2": 21344613001.378567
  },
  "updated_utc": "2026-03-20 15:37:35Z"
}