{
  "earth_dist_km": {
    "VOYAGER 1": 25428895272.37999,
    "VOYAGER 2": 21353468951.168926
  },
  "updated_utc": "2026-02-15 09:36:01Z"
}