{
  "earth_dist_km": {
    "VOYAGER 1": 25423003965.54312,
    "VOYAGER 2": 21353394714.17875
  },
  "updated_utc": "2026-02-25 12:38:42Z"
}