{
  "earth_dist_km": {
    "VOYAGER 1": 25420821721.97936,
    "VOYAGER 2": 21306414361.737953
  },
  "updated_utc": "2026-06-03 17:06:01Z"
}