{
  "earth_dist_km": {
    "VOYAGER 1": 25469675786.186348,
    "VOYAGER 2": 21319159404.587795
  },
  "updated_utc": "2026-07-01 04:56:10Z"
}