{
  "earth_dist_km": {
    "VOYAGER 1": 25400930300.762722,
    "VOYAGER 2": 21310631081.75232
  },
  "updated_utc": "2026-05-13 04:38:04Z"
}