{
  "earth_dist_km": {
    "VOYAGER 1": 25445598532.017822,
    "VOYAGER 2": 21310872170.955917
  },
  "updated_utc": "2026-06-19 10:57:29Z"
}