{
  "earth_dist_km": {
    "VOYAGER 1": 25452477730.727333,
    "VOYAGER 2": 21312940667.837906
  },
  "updated_utc": "2026-06-23 01:18:33Z"
}