{
  "earth_dist_km": {
    "VOYAGER 1": 25424621552.30398,
    "VOYAGER 2": 21306693062.014275
  },
  "updated_utc": "2026-06-06 12:51:04Z"
}