{
  "earth_dist_km": {
    "VOYAGER 1": 25416621994.813076,
    "VOYAGER 2": 21306357703.758713
  },
  "updated_utc": "2026-05-31 07:37:56Z"
}