{
  "earth_dist_km": {
    "VOYAGER 1": 25417597376.52385,
    "VOYAGER 2": 21351418741.453384
  },
  "updated_utc": "2026-03-05 21:36:25Z"
}