{
  "earth_dist_km": {
    "VOYAGER 1": 25395777082.84244,
    "VOYAGER 2": 21321985206.351704
  },
  "updated_utc": "2026-04-23 01:06:41Z"
}