{
  "earth_dist_km": {
    "VOYAGER 1": 25397625664.21777,
    "VOYAGER 2": 21329852667.400124
  },
  "updated_utc": "2026-04-11 18:37:11Z"
}