{
  "earth_dist_km": {
    "VOYAGER 1": 25417020274.521755,
    "VOYAGER 2": 21351124096.520706
  },
  "updated_utc": "2026-03-06 18:37:22Z"
}