{
  "earth_dist_km": {
    "VOYAGER 1": 25416760089.87273,
    "VOYAGER 2": 21350986301.49903
  },
  "updated_utc": "2026-03-07 04:05:15Z"
}