{
  "earth_dist_km": {
    "VOYAGER 1": 25402660953.863556,
    "VOYAGER 2": 21338567491.225227
  },
  "updated_utc": "2026-03-30 06:59:39Z"
}