{
  "earth_dist_km": {
    "VOYAGER 1": 25418444799.129833,
    "VOYAGER 2": 21306346157.48224
  },
  "updated_utc": "2026-06-01 19:57:53Z"
}