{
  "earth_dist_km": {
    "VOYAGER 1": 25398134762.632454,
    "VOYAGER 2": 21313459321.433674
  },
  "updated_utc": "2026-05-07 04:35:40Z"
}