{
  "earth_dist_km": {
    "VOYAGER 1": 25525335588.626377,
    "VOYAGER 2": 21346338428.568165
  },
  "updated_utc": "2026-07-22 19:47:58Z"
}