{
  "earth_dist_km": {
    "VOYAGER 1": 25419073431.97317,
    "VOYAGER 2": 21352102247.61331
  },
  "updated_utc": "2026-03-03 15:38:37Z"
}