{
  "earth_dist_km": {
    "VOYAGER 1": 25395766648.182747,
    "VOYAGER 2": 21321660915.395702
  },
  "updated_utc": "2026-04-23 12:44:15Z"
}