{
  "earth_dist_km": {
    "VOYAGER 1": 25395930518.718494,
    "VOYAGER 2": 21318971178.971737
  },
  "updated_utc": "2026-04-27 15:59:18Z"
}