{
  "earth_dist_km": {
    "VOYAGER 1": 25399668753.286366,
    "VOYAGER 2": 21311699498.813057
  },
  "updated_utc": "2026-05-10 18:40:29Z"
}