{
  "earth_dist_km": {
    "VOYAGER 1": 25430521572.30416,
    "VOYAGER 2": 21352889363.726948
  },
  "updated_utc": "2026-02-12 04:10:52Z"
}