{
  "earth_dist_km": {
    "VOYAGER 1": 25395847675.437214,
    "VOYAGER 2": 21319617751.27874
  },
  "updated_utc": "2026-04-26 15:37:15Z"
}