{
  "earth_dist_km": {
    "VOYAGER 1": 25469950292.20693,
    "VOYAGER 2": 21319269086.65996
  },
  "updated_utc": "2026-07-01 07:52:48Z"
}