{
  "earth_dist_km": {
    "VOYAGER 1": 25428016509.923706,
    "VOYAGER 2": 21353646862.242416
  },
  "updated_utc": "2026-02-17 00:53:07Z"
}