{
  "earth_dist_km": {
    "VOYAGER 1": 25421502222.719345,
    "VOYAGER 2": 21352996863.165283
  },
  "updated_utc": "2026-02-27 21:35:08Z"
}