{
  "earth_dist_km": {
    "VOYAGER 1": 25426690528.557953,
    "VOYAGER 2": 21353770278.53693
  },
  "updated_utc": "2026-02-19 09:38:10Z"
}