{
  "earth_dist_km": {
    "VOYAGER 1": 25425360143.43531,
    "VOYAGER 2": 21306768866.12331
  },
  "updated_utc": "2026-06-07 01:28:30Z"
}