{
  "earth_dist_km": {
    "VOYAGER 1": 25397857639.28376,
    "VOYAGER 2": 21313861472.221737
  },
  "updated_utc": "2026-05-06 10:08:35Z"
}