{
  "earth_dist_km": {
    "VOYAGER 1": 25396962340.68977,
    "VOYAGER 2": 21328063067.382362
  },
  "updated_utc": "2026-04-14 07:00:04Z"
}