{
  "earth_dist_km": {
    "VOYAGER 1": 25409537002.180206,
    "VOYAGER 2": 21345941083.369087
  },
  "updated_utc": "2026-03-18 06:43:25Z"
}