{
  "earth_dist_km": {
    "VOYAGER 1": 25396055168.512638,
    "VOYAGER 2": 21318267600.414616
  },
  "updated_utc": "2026-04-28 18:56:00Z"
}