{
  "earth_dist_km": {
    "VOYAGER 1": 25401800430.96698,
    "VOYAGER 2": 21337383810.728405
  },
  "updated_utc": "2026-04-01 01:04:44Z"
}