{
  "earth_dist_km": {
    "VOYAGER 1": 25437548234.093655,
    "VOYAGER 2": 21308835339.122494
  },
  "updated_utc": "2026-06-14 21:51:10Z"
}