{
  "earth_dist_km": {
    "VOYAGER 1": 25396852179.621433,
    "VOYAGER 2": 21315719703.99289
  },
  "updated_utc": "2026-05-03 01:14:42Z"
}