{
  "earth_dist_km": {
    "VOYAGER 1": 25477680653.603165,
    "VOYAGER 2": 21322475514.637127
  },
  "updated_utc": "2026-07-04 16:28:13Z"
}