{
  "earth_dist_km": {
    "VOYAGER 1": 25399143815.264935,
    "VOYAGER 2": 21312230708.473114
  },
  "updated_utc": "2026-05-09 15:38:42Z"
}