{
  "earth_dist_km": {
    "VOYAGER 1": 25404102722.290176,
    "VOYAGER 2": 21340389381.085217
  },
  "updated_utc": "2026-03-27 12:38:37Z"
}