{
  "earth_dist_km": {
    "VOYAGER 1": 25397681235.75073,
    "VOYAGER 2": 21314136800.84109
  },
  "updated_utc": "2026-05-05 21:43:11Z"
}