{
  "earth_dist_km": {
    "VOYAGER 1": 25425597220.287106,
    "VOYAGER 2": 21353759264.34939
  },
  "updated_utc": "2026-02-21 06:37:13Z"
}