{
  "earth_dist_km": {
    "VOYAGER 1": 25489759142.68225,
    "VOYAGER 2": 21327903001.022366
  },
  "updated_utc": "2026-07-09 15:37:46Z"
}