{
  "earth_dist_km": {
    "VOYAGER 1": 25475924666.86225,
    "VOYAGER 2": 21321727779.132538
  },
  "updated_utc": "2026-07-03 22:29:11Z"
}