{
  "earth_dist_km": {
    "VOYAGER 1": 25414475293.127045,
    "VOYAGER 2": 21306452206.552547
  },
  "updated_utc": "2026-05-29 10:37:56Z"
}