{
  "earth_dist_km": {
    "VOYAGER 1": 25435911390.178143,
    "VOYAGER 2": 21345100217.47717
  },
  "updated_utc": "2026-01-27 00:46:34Z"
}