{
  "earth_dist_km": {
    "VOYAGER 1": 25487712961.987373,
    "VOYAGER 2": 21326950186.036934
  },
  "updated_utc": "2026-07-08 19:57:42Z"
}