{
  "earth_dist_km": {
    "VOYAGER 1": 25428764000.738647,
    "VOYAGER 2": 21353500934.201603
  },
  "updated_utc": "2026-02-15 15:34:15Z"
}