{
  "earth_dist_km": {
    "VOYAGER 1": 25422052197.66449,
    "VOYAGER 2": 21353157107.83303
  },
  "updated_utc": "2026-02-27 00:52:39Z"
}