{
  "earth_dist_km": {
    "VOYAGER 1": 25397237210.24595,
    "VOYAGER 2": 21328848205.434822
  },
  "updated_utc": "2026-04-13 04:29:04Z"
}