{
  "earth_dist_km": {
    "VOYAGER 1": 25409120936.00786,
    "VOYAGER 2": 21307168564.527596
  },
  "updated_utc": "2026-05-24 04:48:47Z"
}