{
  "earth_dist_km": {
    "VOYAGER 1": 25408845791.595184,
    "VOYAGER 2": 21307228400.217808
  },
  "updated_utc": "2026-05-23 21:40:02Z"
}