{
  "earth_dist_km": {
    "VOYAGER 1": 25432117045.131496,
    "VOYAGER 2": 21351897787.84978
  },
  "updated_utc": "2026-02-08 15:35:06Z"
}