{
  "earth_dist_km": {
    "VOYAGER 1": 25423276511.542625,
    "VOYAGER 2": 21306572414.793034
  },
  "updated_utc": "2026-06-05 13:26:47Z"
}