{
  "earth_dist_km": {
    "VOYAGER 1": 25433622868.399914,
    "VOYAGER 2": 21350361401.433575
  },
  "updated_utc": "2026-02-04 18:38:16Z"
}