{
  "earth_dist_km": {
    "VOYAGER 1": 25395781346.650955,
    "VOYAGER 2": 21322081703.225792
  },
  "updated_utc": "2026-04-22 21:39:12Z"
}