{
  "earth_dist_km": {
    "VOYAGER 1": 25413897676.204422,
    "VOYAGER 2": 21306494165.604664
  },
  "updated_utc": "2026-05-28 22:03:09Z"
}