{
  "earth_dist_km": {
    "VOYAGER 1": 25396532382.02312,
    "VOYAGER 2": 21326646708.94857
  },
  "updated_utc": "2026-04-16 07:02:08Z"
}