{
  "earth_dist_km": {
    "VOYAGER 1": 25417847390.131275,
    "VOYAGER 2": 21306343477.477898
  },
  "updated_utc": "2026-06-01 08:13:51Z"
}