{
  "earth_dist_km": {
    "VOYAGER 1": 25398222179.33303,
    "VOYAGER 2": 21313339293.19598
  },
  "updated_utc": "2026-05-07 10:10:07Z"
}