{
  "earth_dist_km": {
    "VOYAGER 1": 25403439219.058716,
    "VOYAGER 2": 21339573368.861023
  },
  "updated_utc": "2026-03-28 18:36:58Z"
}