{
  "earth_dist_km": {
    "VOYAGER 1": 25432976494.828236,
    "VOYAGER 2": 21351114488.821644
  },
  "updated_utc": "2026-02-06 12:38:36Z"
}