{
  "earth_dist_km": {
    "VOYAGER 1": 25396126116.069855,
    "VOYAGER 2": 21324906861.238674
  },
  "updated_utc": "2026-04-18 18:37:34Z"
}