{
  "earth_dist_km": {
    "VOYAGER 1": 25405079277.239174,
    "VOYAGER 2": 21308360811.187626
  },
  "updated_utc": "2026-05-19 10:36:30Z"
}