{
  "earth_dist_km": {
    "VOYAGER 1": 25435664703.299896,
    "VOYAGER 2": 21346091484.67758
  },
  "updated_utc": "2026-01-28 09:36:24Z"
}