{
  "earth_dist_km": {
    "VOYAGER 1": 25430652515.810165,
    "VOYAGER 2": 21352825950.66531
  },
  "updated_utc": "2026-02-11 21:36:22Z"
}