{
  "earth_dist_km": {
    "VOYAGER 1": 25435165584.039825,
    "VOYAGER 2": 21347584558.86618
  },
  "updated_utc": "2026-01-30 15:36:44Z"
}