{
  "earth_dist_km": {
    "VOYAGER 1": 25399318244.246674,
    "VOYAGER 2": 21333402524.890507
  },
  "updated_utc": "2026-04-06 18:38:41Z"
}