{
  "earth_dist_km": {
    "VOYAGER 1": 25395942052.907997,
    "VOYAGER 2": 21318896189.702633
  },
  "updated_utc": "2026-04-27 18:50:18Z"
}