{
  "earth_dist_km": {
    "VOYAGER 1": 25434840513.054333,
    "VOYAGER 2": 21348339891.98738
  },
  "updated_utc": "2026-01-31 21:33:10Z"
}