{
  "earth_dist_km": {
    "VOYAGER 1": 25422100617.192375,
    "VOYAGER 2": 21306486279.41295
  },
  "updated_utc": "2026-06-04 16:28:28Z"
}