{
  "earth_dist_km": {
    "VOYAGER 1": 25407690083.84814,
    "VOYAGER 2": 21344250724.572704
  },
  "updated_utc": "2026-03-21 06:37:09Z"
}