{
  "earth_dist_km": {
    "VOYAGER 1": 25399256561.58676,
    "VOYAGER 2": 21312111392.177593
  },
  "updated_utc": "2026-05-09 21:37:16Z"
}