{
  "earth_dist_km": {
    "VOYAGER 1": 25427608251.477497,
    "VOYAGER 2": 21353702281.305374
  },
  "updated_utc": "2026-02-17 18:39:13Z"
}