{
  "earth_dist_km": {
    "VOYAGER 1": 25466063067.094673,
    "VOYAGER 2": 21317744146.349194
  },
  "updated_utc": "2026-06-29 13:50:34Z"
}