{
  "earth_dist_km": {
    "VOYAGER 1": 25403591454.76863,
    "VOYAGER 2": 21309014015.777653
  },
  "updated_utc": "2026-05-17 09:58:53Z"
}