{
  "earth_dist_km": {
    "VOYAGER 1": 25397844709.771717,
    "VOYAGER 2": 21330377377.28018
  },
  "updated_utc": "2026-04-11 00:56:31Z"
}