{
  "earth_dist_km": {
    "VOYAGER 1": 25434049584.346333,
    "VOYAGER 2": 21308101718.123646
  },
  "updated_utc": "2026-06-12 19:05:54Z"
}