{
  "earth_dist_km": {
    "VOYAGER 1": 25466796738.15255,
    "VOYAGER 2": 21318027239.574978
  },
  "updated_utc": "2026-06-29 21:51:07Z"
}