{
  "earth_dist_km": {
    "VOYAGER 1": 25514971705.385365,
    "VOYAGER 2": 21340631554.13021
  },
  "updated_utc": "2026-07-19 03:59:25Z"
}