{
  "earth_dist_km": {
    "VOYAGER 1": 25403829111.79475,
    "VOYAGER 2": 21340057523.61408
  },
  "updated_utc": "2026-03-28 00:53:31Z"
}