{
  "earth_dist_km": {
    "VOYAGER 1": 25402420266.98633,
    "VOYAGER 2": 21309641841.828754
  },
  "updated_utc": "2026-05-15 16:05:28Z"
}