{
  "earth_dist_km": {
    "VOYAGER 1": 25427375648.31535,
    "VOYAGER 2": 21307008214.690235
  },
  "updated_utc": "2026-06-08 11:05:23Z"
}