{
  "earth_dist_km": {
    "VOYAGER 1": 25454465395.800167,
    "VOYAGER 2": 21313587476.21161
  },
  "updated_utc": "2026-06-24 01:16:28Z"
}