{
  "earth_dist_km": {
    "VOYAGER 1": 25413383425.51192,
    "VOYAGER 2": 21306537893.373104
  },
  "updated_utc": "2026-05-28 10:41:53Z"
}