{
  "earth_dist_km": {
    "VOYAGER 1": 25531153385.179733,
    "VOYAGER 2": 21349650323.777596
  },
  "updated_utc": "2026-07-24 19:50:06Z"
}