{
  "earth_dist_km": {
    "VOYAGER 1": 25434007319.41694,
    "VOYAGER 2": 21349825382.45019
  },
  "updated_utc": "2026-02-03 15:38:56Z"
}