{
  "earth_dist_km": {
    "VOYAGER 1": 25411368065.125584,
    "VOYAGER 2": 21347447033.18499
  },
  "updated_utc": "2026-03-15 09:36:22Z"
}