{
  "earth_dist_km": {
    "VOYAGER 1": 25408298509.483772,
    "VOYAGER 2": 21344827611.592617
  },
  "updated_utc": "2026-03-20 06:38:32Z"
}