{
  "earth_dist_km": {
    "VOYAGER 1": 25396906368.41854,
    "VOYAGER 2": 21327893551.927334
  },
  "updated_utc": "2026-04-14 12:44:41Z"
}