{
  "earth_dist_km": {
    "VOYAGER 1": 25434163458.834778,
    "VOYAGER 2": 21349584648.75448
  },
  "updated_utc": "2026-02-03 04:08:08Z"
}