{
  "earth_dist_km": {
    "VOYAGER 1": 25435373044.223587,
    "VOYAGER 2": 21347024528.201984
  },
  "updated_utc": "2026-01-29 18:37:58Z"
}