{
  "earth_dist_km": {
    "VOYAGER 1": 25434874020.31668,
    "VOYAGER 2": 21348267781.261818
  },
  "updated_utc": "2026-01-31 18:36:20Z"
}