{
  "earth_dist_km": {
    "VOYAGER 1": 25430727108.409737,
    "VOYAGER 2": 21307503299.422874
  },
  "updated_utc": "2026-06-10 16:36:08Z"
}