{
  "earth_dist_km": {
    "VOYAGER 1": 25400071766.676254,
    "VOYAGER 2": 21334721449.045773
  },
  "updated_utc": "2026-04-04 21:35:32Z"
}