{
  "earth_dist_km": {
    "VOYAGER 1": 25424306478.63862,
    "VOYAGER 2": 21306662754.38639
  },
  "updated_utc": "2026-06-06 07:25:51Z"
}