{
  "earth_dist_km": {
    "VOYAGER 1": 25400573519.621025,
    "VOYAGER 2": 21310907945.68156
  },
  "updated_utc": "2026-05-12 13:05:54Z"
}