{
  "earth_dist_km": {
    "VOYAGER 1": 25401453806.729786,
    "VOYAGER 2": 21336883180.656178
  },
  "updated_utc": "2026-04-01 18:40:18Z"
}