{
  "earth_dist_km": {
    "VOYAGER 1": 25399460905.902363,
    "VOYAGER 2": 21333661532.85542
  },
  "updated_utc": "2026-04-06 09:49:37Z"
}