{
  "earth_dist_km": {
    "VOYAGER 1": 25398407734.23884,
    "VOYAGER 2": 21313094207.515186
  },
  "updated_utc": "2026-05-07 21:41:07Z"
}