{
  "earth_dist_km": {
    "VOYAGER 1": 25421740302.003975,
    "VOYAGER 2": 21353068240.70144
  },
  "updated_utc": "2026-02-27 12:38:08Z"
}