{
  "earth_dist_km": {
    "VOYAGER 1": 25513998828.661644,
    "VOYAGER 2": 21340109083.03864
  },
  "updated_utc": "2026-07-18 19:35:26Z"
}