{
  "earth_dist_km": {
    "VOYAGER 1": 25453243630.57272,
    "VOYAGER 2": 21313187433.932312
  },
  "updated_utc": "2026-06-23 10:35:57Z"
}