{
  "earth_dist_km": {
    "VOYAGER 1": 25412161768.375515,
    "VOYAGER 2": 21348050432.11015
  },
  "updated_utc": "2026-03-14 04:07:10Z"
}