{
  "earth_dist_km": {
    "VOYAGER 1": 25427387323.07427,
    "VOYAGER 2": 21353725598.882122
  },
  "updated_utc": "2026-02-18 04:09:04Z"
}