{
  "earth_dist_km": {
    "VOYAGER 1": 25416881254.19222,
    "VOYAGER 2": 21306352410.398712
  },
  "updated_utc": "2026-05-31 12:53:24Z"
}