{
  "earth_dist_km": {
    "VOYAGER 1": 25399442187.91623,
    "VOYAGER 2": 21311921360.478783
  },
  "updated_utc": "2026-05-10 07:15:30Z"
}