{
  "earth_dist_km": {
    "VOYAGER 1": 25495263918.257183,
    "VOYAGER 2": 21330529801.483547
  },
  "updated_utc": "2026-07-11 19:35:51Z"
}