{
  "earth_dist_km": {
    "VOYAGER 1": 25419474741.747883,
    "VOYAGER 2": 21352270257.14062
  },
  "updated_utc": "2026-03-03 00:53:38Z"
}