{
  "earth_dist_km": {
    "VOYAGER 1": 25434664381.20811,
    "VOYAGER 2": 21348700422.24899
  },
  "updated_utc": "2026-02-01 12:37:41Z"
}