{
  "earth_dist_km": {
    "VOYAGER 1": 25401986128.898838,
    "VOYAGER 2": 21337646128.247253
  },
  "updated_utc": "2026-03-31 15:48:43Z"
}