{
  "earth_dist_km": {
    "VOYAGER 1": 25432098942.258614,
    "VOYAGER 2": 21307738096.42981
  },
  "updated_utc": "2026-06-11 13:43:55Z"
}