{
  "earth_dist_km": {
    "VOYAGER 1": 25440018186.97959,
    "VOYAGER 2": 21309411421.114216
  },
  "updated_utc": "2026-06-16 08:23:45Z"
}