{
  "earth_dist_km": {
    "VOYAGER 1": 25436052803.613907,
    "VOYAGER 2": 21344394933.416386
  },
  "updated_utc": "2026-01-26 02:36:00Z"
}