{
  "earth_dist_km": {
    "VOYAGER 1": 25426792010.832386,
    "VOYAGER 2": 21306934160.066944
  },
  "updated_utc": "2026-06-08 01:28:57Z"
}