{
  "earth_dist_km": {
    "VOYAGER 1": 25400445386.06924,
    "VOYAGER 2": 21311011858.119904
  },
  "updated_utc": "2026-05-12 07:21:48Z"
}