{
  "earth_dist_km": {
    "VOYAGER 1": 25436752341.154522,
    "VOYAGER 2": 21308659692.536297
  },
  "updated_utc": "2026-06-14 10:30:17Z"
}