{
  "earth_dist_km": {
    "VOYAGER 1": 25428825706.93619,
    "VOYAGER 2": 21307208194.80983
  },
  "updated_utc": "2026-06-09 10:35:26Z"
}