{
  "earth_dist_km": {
    "VOYAGER 1": 25402985047.256283,
    "VOYAGER 2": 21309324937.85488
  },
  "updated_utc": "2026-05-16 12:44:21Z"
}