{
  "earth_dist_km": {
    "VOYAGER 1": 25509423466.68019,
    "VOYAGER 2": 21337683742.26521
  },
  "updated_utc": "2026-07-17 03:41:56Z"
}