{
  "earth_dist_km": {
    "VOYAGER 1": 25422295577.618145,
    "VOYAGER 2": 21353222737.754463
  },
  "updated_utc": "2026-02-26 15:39:50Z"
}