{
  "earth_dist_km": {
    "VOYAGER 1": 25435563828.527634,
    "VOYAGER 2": 21346437490.796062
  },
  "updated_utc": "2026-01-28 21:35:35Z"
}