{
  "earth_dist_km": {
    "VOYAGER 1": 25418418761.162617,
    "VOYAGER 2": 21351811679.931026
  },
  "updated_utc": "2026-03-04 15:37:25Z"
}