{
  "earth_dist_km": {
    "VOYAGER 1": 25411599359.860733,
    "VOYAGER 2": 21347625887.364815
  },
  "updated_utc": "2026-03-15 00:59:41Z"
}