{
  "earth_dist_km": {
    "VOYAGER 1": 25477146607.660286,
    "VOYAGER 2": 21322246939.53399
  },
  "updated_utc": "2026-07-04 11:01:51Z"
}