{
  "earth_dist_km": {
    "VOYAGER 1": 25411771073.300797,
    "VOYAGER 2": 21347757058.684734
  },
  "updated_utc": "2026-03-14 18:36:39Z"
}