{
  "earth_dist_km": {
    "VOYAGER 1": 25419675261.295345,
    "VOYAGER 2": 21306370373.486465
  },
  "updated_utc": "2026-06-02 19:37:28Z"
}