{
  "earth_dist_km": {
    "VOYAGER 1": 25482400590.673405,
    "VOYAGER 2": 21324538854.049534
  },
  "updated_utc": "2026-07-06 15:56:41Z"
}