{
  "earth_dist_km": {
    "VOYAGER 1": 25412323921.514355,
    "VOYAGER 2": 21306647983.928474
  },
  "updated_utc": "2026-05-27 10:42:15Z"
}