{
  "earth_dist_km": {
    "VOYAGER 1": 25501894562.916622,
    "VOYAGER 2": 21333811260.95527
  },
  "updated_utc": "2026-07-14 08:30:41Z"
}