{
  "earth_dist_km": {
    "VOYAGER 1": 25400309613.29181,
    "VOYAGER 2": 21311124713.14105
  },
  "updated_utc": "2026-05-12 01:11:15Z"
}