{
  "earth_dist_km": {
    "VOYAGER 1": 25451571342.93072,
    "VOYAGER 2": 21312652714.51144
  },
  "updated_utc": "2026-06-22 14:14:57Z"
}