{
  "earth_dist_km": {
    "VOYAGER 1": 25402922021.19976,
    "VOYAGER 2": 21338911422.163677
  },
  "updated_utc": "2026-03-29 18:37:01Z"
}