{
  "earth_dist_km": {
    "VOYAGER 1": 25423225185.900166,
    "VOYAGER 2": 21353442452.05689
  },
  "updated_utc": "2026-02-25 04:08:42Z"
}