{
  "earth_dist_km": {
    "VOYAGER 1": 25419155142.582664,
    "VOYAGER 2": 21352137083.92809
  },
  "updated_utc": "2026-03-03 12:38:03Z"
}