{
  "earth_dist_km": {
    "VOYAGER 1": 25415579468.34224,
    "VOYAGER 2": 21306391974.08208
  },
  "updated_utc": "2026-05-30 10:05:16Z"
}