{
  "earth_dist_km": {
    "VOYAGER 1": 25433307159.918736,
    "VOYAGER 2": 21350749870.71594
  },
  "updated_utc": "2026-02-05 15:37:33Z"
}