{
  "earth_dist_km": {
    "VOYAGER 1": 25416690903.651566,
    "VOYAGER 2": 21350949144.490074
  },
  "updated_utc": "2026-03-07 06:36:51Z"
}