{
  "earth_dist_km": {
    "VOYAGER 1": 25402167876.049393,
    "VOYAGER 2": 21337899079.596394
  },
  "updated_utc": "2026-03-31 06:50:37Z"
}