{
  "earth_dist_km": {
    "VOYAGER 1": 25486584320.307396,
    "VOYAGER 2": 21326430262.36354
  },
  "updated_utc": "2026-07-08 09:01:43Z"
}