{
  "earth_dist_km": {
    "VOYAGER 1": 25399996934.561924,
    "VOYAGER 2": 21311396038.376842
  },
  "updated_utc": "2026-05-11 10:36:47Z"
}