{
  "earth_dist_km": {
    "VOYAGER 1": 25430411696.97978,
    "VOYAGER 2": 21352940434.29481
  },
  "updated_utc": "2026-02-12 09:38:35Z"
}