{
  "earth_dist_km": {
    "VOYAGER 1": 25414958883.46506,
    "VOYAGER 2": 21349948935.735184
  },
  "updated_utc": "2026-03-09 21:36:09Z"
}