{
  "earth_dist_km": {
    "VOYAGER 1": 25427884330.50094,
    "VOYAGER 2": 21353666599.221035
  },
  "updated_utc": "2026-02-17 06:40:35Z"
}