{
  "earth_dist_km": {
    "VOYAGER 1": 25419988200.863483,
    "VOYAGER 2": 21306380387.31978
  },
  "updated_utc": "2026-06-03 01:32:23Z"
}