{
  "earth_dist_km": {
    "VOYAGER 1": 25434555831.186306,
    "VOYAGER 2": 21348908454.059456
  },
  "updated_utc": "2026-02-01 21:34:07Z"
}