{
  "earth_dist_km": {
    "VOYAGER 1": 25409299625.36586,
    "VOYAGER 2": 21345733794.42722
  },
  "updated_utc": "2026-03-18 15:49:36Z"
}