{
  "earth_dist_km": {
    "VOYAGER 1": 25401204095.335026,
    "VOYAGER 2": 21310430201.74059
  },
  "updated_utc": "2026-05-13 16:11:25Z"
}