{
  "earth_dist_km": {
    "VOYAGER 1": 25396648038.970837,
    "VOYAGER 2": 21316220476.827305
  },
  "updated_utc": "2026-05-02 04:27:49Z"
}