{
  "earth_dist_km": {
    "VOYAGER 1": 25415619800.734447,
    "VOYAGER 2": 21350346433.67071
  },
  "updated_utc": "2026-03-08 21:33:17Z"
}