{
  "earth_dist_km": {
    "VOYAGER 1": 25395918540.723892,
    "VOYAGER 2": 21319052020.311604
  },
  "updated_utc": "2026-04-27 12:55:06Z"
}