{
  "earth_dist_km": {
    "VOYAGER 1": 25460642942.71398,
    "VOYAGER 2": 21315724318.212368
  },
  "updated_utc": "2026-06-27 01:19:27Z"
}