{
  "earth_dist_km": {
    "VOYAGER 1": 25418910792.650074,
    "VOYAGER 2": 21352031958.916344
  },
  "updated_utc": "2026-03-03 21:36:07Z"
}