{
  "earth_dist_km": {
    "VOYAGER 1": 25408075677.73067,
    "VOYAGER 2": 21307410516.71802
  },
  "updated_utc": "2026-05-23 01:16:39Z"
}