{
  "earth_dist_km": {
    "VOYAGER 1": 25412900973.019108,
    "VOYAGER 2": 21348586392.714134
  },
  "updated_utc": "2026-03-13 00:51:51Z"
}