{
  "earth_dist_km": {
    "VOYAGER 1": 25412500089.30669,
    "VOYAGER 2": 21348298819.147842
  },
  "updated_utc": "2026-03-13 15:37:31Z"
}