{
  "earth_dist_km": {
    "VOYAGER 1": 25496174114.90495,
    "VOYAGER 2": 21330972806.823883
  },
  "updated_utc": "2026-07-12 04:03:16Z"
}