{
  "earth_dist_km": {
    "VOYAGER 1": 25399607858.893253,
    "VOYAGER 2": 21311758088.75232
  },
  "updated_utc": "2026-05-10 15:38:56Z"
}