{
  "earth_dist_km": {
    "VOYAGER 1": 25522483698.713028,
    "VOYAGER 2": 21344742864.940067
  },
  "updated_utc": "2026-07-21 19:55:19Z"
}