{
  "earth_dist_km": {
    "VOYAGER 1": 25518430146.960808,
    "VOYAGER 2": 21342507598.447575
  },
  "updated_utc": "2026-07-20 09:37:52Z"
}