{
  "earth_dist_km": {
    "VOYAGER 1": 25395784103.185688,
    "VOYAGER 2": 21320426135.763462
  },
  "updated_utc": "2026-04-25 09:38:39Z"
}