{
  "earth_dist_km": {
    "VOYAGER 1": 25451105968.753113,
    "VOYAGER 2": 21312506611.64826
  },
  "updated_utc": "2026-06-22 08:31:10Z"
}