{
  "earth_dist_km": {
    "VOYAGER 1": 25424241730.951817,
    "VOYAGER 2": 21353623470.583874
  },
  "updated_utc": "2026-02-23 12:38:34Z"
}