{
  "earth_dist_km": {
    "VOYAGER 1": 25403175910.118153,
    "VOYAGER 2": 21339239652.091232
  },
  "updated_utc": "2026-03-29 06:45:26Z"
}