{
  "earth_dist_km": {
    "VOYAGER 1": 25409931910.28798,
    "VOYAGER 2": 21307007204.022247
  },
  "updated_utc": "2026-05-25 01:23:40Z"
}