{
  "earth_dist_km": {
    "VOYAGER 1": 25421100729.932102,
    "VOYAGER 2": 21306428047.01474
  },
  "updated_utc": "2026-06-03 22:15:03Z"
}