{
  "earth_dist_km": {
    "VOYAGER 1": 25395960702.712353,
    "VOYAGER 2": 21323930303.25664
  },
  "updated_utc": "2026-04-20 04:28:58Z"
}