{
  "earth_dist_km": {
    "VOYAGER 1": 25445147318.039978,
    "VOYAGER 2": 21310746391.759388
  },
  "updated_utc": "2026-06-19 05:05:11Z"
}