{
  "earth_dist_km": {
    "VOYAGER 1": 25424775471.97476,
    "VOYAGER 2": 21353692030.734955
  },
  "updated_utc": "2026-02-22 15:34:31Z"
}