{
  "earth_dist_km": {
    "VOYAGER 1": 25415948870.093037,
    "VOYAGER 2": 21350537075.88519
  },
  "updated_utc": "2026-03-08 09:35:25Z"
}