{
  "earth_dist_km": {
    "VOYAGER 1": 25486821218.277115,
    "VOYAGER 2": 21326539056.926895
  },
  "updated_utc": "2026-07-08 11:19:32Z"
}