{
  "earth_dist_km": {
    "VOYAGER 1": 25416360939.520363,
    "VOYAGER 2": 21350768963.983418
  },
  "updated_utc": "2026-03-07 18:36:14Z"
}