{
  "earth_dist_km": {
    "VOYAGER 1": 25409063226.77883,
    "VOYAGER 2": 21345524512.16698
  },
  "updated_utc": "2026-03-19 00:55:07Z"
}