{
  "earth_dist_km": {
    "VOYAGER 1": 25401332659.927795,
    "VOYAGER 2": 21336704671.234623
  },
  "updated_utc": "2026-04-02 00:55:09Z"
}