{
  "earth_dist_km": {
    "VOYAGER 1": 25409852773.941624,
    "VOYAGER 2": 21346212446.842728
  },
  "updated_utc": "2026-03-17 18:40:42Z"
}