{
  "earth_dist_km": {
    "VOYAGER 1": 25403505113.301273,
    "VOYAGER 2": 21339656491.221684
  },
  "updated_utc": "2026-03-28 15:35:41Z"
}