{
  "earth_dist_km": {
    "VOYAGER 1": 25421581217.617283,
    "VOYAGER 2": 21353020883.175285
  },
  "updated_utc": "2026-02-27 18:37:14Z"
}