{
  "earth_dist_km": {
    "VOYAGER 1": 25410866870.643684,
    "VOYAGER 2": 21347050854.41602
  },
  "updated_utc": "2026-03-16 04:21:17Z"
}