{
  "earth_dist_km": {
    "VOYAGER 1": 25421776394.760048,
    "VOYAGER 2": 21306465848.19305
  },
  "updated_utc": "2026-06-04 10:36:51Z"
}