{
  "earth_dist_km": {
    "VOYAGER 1": 25469348883.223434,
    "VOYAGER 2": 21319029175.592228
  },
  "updated_utc": "2026-07-01 01:26:46Z"
}