{
  "earth_dist_km": {
    "VOYAGER 1": 25447856667.100597,
    "VOYAGER 2": 21311520610.987885
  },
  "updated_utc": "2026-06-20 15:55:46Z"
}