{
  "earth_dist_km": {
    "VOYAGER 1": 25414546271.457363,
    "VOYAGER 2": 21349690906.860054
  },
  "updated_utc": "2026-03-10 12:38:14Z"
}