{
  "earth_dist_km": {
    "VOYAGER 1": 25396553495.212162,
    "VOYAGER 2": 21326723606.804783
  },
  "updated_utc": "2026-04-16 04:25:48Z"
}