{
  "earth_dist_km": {
    "VOYAGER 1": 25404169469.340855,
    "VOYAGER 2": 21340469420.574596
  },
  "updated_utc": "2026-03-27 09:40:08Z"
}