{
  "earth_dist_km": {
    "VOYAGER 1": 25420769620.29176,
    "VOYAGER 2": 21352758442.969578
  },
  "updated_utc": "2026-03-01 00:58:49Z"
}