{
  "earth_dist_km": {
    "VOYAGER 1": 25401130666.774868,
    "VOYAGER 2": 21310483137.785896
  },
  "updated_utc": "2026-05-13 13:07:32Z"
}