{
  "earth_dist_km": {
    "VOYAGER 1": 25395984451.924732,
    "VOYAGER 2": 21318640682.65534
  },
  "updated_utc": "2026-04-28 04:35:36Z"
}