{
  "earth_dist_km": {
    "VOYAGER 1": 25397816672.910053,
    "VOYAGER 2": 21313923970.520607
  },
  "updated_utc": "2026-05-06 07:18:01Z"
}