{
  "earth_dist_km": {
    "VOYAGER 1": 25399164843.119728,
    "VOYAGER 2": 21333118609.90711
  },
  "updated_utc": "2026-04-07 04:17:50Z"
}