{
  "earth_dist_km": {
    "VOYAGER 1": 25436928136.924496,
    "VOYAGER 2": 21308698057.87045
  },
  "updated_utc": "2026-06-14 13:01:55Z"
}