{
  "earth_dist_km": {
    "VOYAGER 1": 25419318430.798294,
    "VOYAGER 2": 21352205739.68961
  },
  "updated_utc": "2026-03-03 06:38:07Z"
}