{
  "earth_dist_km": {
    "VOYAGER 1": 25409430506.50926,
    "VOYAGER 2": 21307104245.936695
  },
  "updated_utc": "2026-05-24 12:44:59Z"
}