{
  "earth_dist_km": {
    "VOYAGER 1": 25526899641.93416,
    "VOYAGER 2": 21347221358.075737
  },
  "updated_utc": "2026-07-23 08:47:06Z"
}