{
  "earth_dist_km": {
    "VOYAGER 1": 25419888420.456604,
    "VOYAGER 2": 21352435265.734425
  },
  "updated_utc": "2026-03-02 09:38:19Z"
}