{
  "earth_dist_km": {
    "VOYAGER 1": 25401576720.937553,
    "VOYAGER 2": 21310171582.712868
  },
  "updated_utc": "2026-05-14 07:25:14Z"
}