{
  "earth_dist_km": {
    "VOYAGER 1": 25427539840.295696,
    "VOYAGER 2": 21353709991.100544
  },
  "updated_utc": "2026-02-17 21:36:39Z"
}