{
  "earth_dist_km": {
    "VOYAGER 1": 25433872412.215717,
    "VOYAGER 2": 21308067297.49534
  },
  "updated_utc": "2026-06-12 16:27:45Z"
}