{
  "earth_dist_km": {
    "VOYAGER 1": 25516789201.311512,
    "VOYAGER 2": 21341613843.149464
  },
  "updated_utc": "2026-07-19 19:36:02Z"
}