{
  "earth_dist_km": {
    "VOYAGER 1": 25420940930.789314,
    "VOYAGER 2": 21352816548.242737
  },
  "updated_utc": "2026-02-28 18:35:59Z"
}