{
  "earth_dist_km": {
    "VOYAGER 1": 25396351433.713047,
    "VOYAGER 2": 21325943153.585114
  },
  "updated_utc": "2026-04-17 07:02:26Z"
}