{
  "earth_dist_km": {
    "VOYAGER 1": 25441977645.312275,
    "VOYAGER 2": 21309900189.77667
  },
  "updated_utc": "2026-06-17 11:05:20Z"
}