{
  "earth_dist_km": {
    "VOYAGER 1": 25412094225.986717,
    "VOYAGER 2": 21348000216.73354
  },
  "updated_utc": "2026-03-14 06:37:44Z"
}