{
  "earth_dist_km": {
    "VOYAGER 1": 25441766426.008575,
    "VOYAGER 2": 21309846203.514187
  },
  "updated_utc": "2026-06-17 08:14:44Z"
}