{
  "earth_dist_km": {
    "VOYAGER 1": 25405558455.719517,
    "VOYAGER 2": 21308179179.16864
  },
  "updated_utc": "2026-05-20 01:22:29Z"
}