{
  "earth_dist_km": {
    "VOYAGER 1": 25485509835.96787,
    "VOYAGER 2": 21325939065.414383
  },
  "updated_utc": "2026-07-07 22:33:31Z"
}