{
  "earth_dist_km": {
    "VOYAGER 1": 25467116661.745743,
    "VOYAGER 2": 21318151382.94444
  },
  "updated_utc": "2026-06-30 01:20:39Z"
}