{
  "earth_dist_km": {
    "VOYAGER 1": 25396090697.522892,
    "VOYAGER 2": 21324719064.28712
  },
  "updated_utc": "2026-04-19 01:06:28Z"
}