{
  "earth_dist_km": {
    "VOYAGER 1": 25399033157.599598,
    "VOYAGER 2": 21332870154.331722
  },
  "updated_utc": "2026-04-07 12:43:47Z"
}