{
  "earth_dist_km": {
    "VOYAGER 1": 25398078153.772335,
    "VOYAGER 2": 21330909842.941383
  },
  "updated_utc": "2026-04-10 06:59:45Z"
}