{
  "earth_dist_km": {
    "VOYAGER 1": 25490237203.376255,
    "VOYAGER 2": 21328127486.232735
  },
  "updated_utc": "2026-07-09 20:11:29Z"
}