{
  "earth_dist_km": {
    "VOYAGER 1": 25404574222.30078,
    "VOYAGER 2": 21340947326.19444
  },
  "updated_utc": "2026-03-26 15:51:09Z"
}