{
  "earth_dist_km": {
    "VOYAGER 1": 25425819936.70538,
    "VOYAGER 2": 21353769050.27824
  },
  "updated_utc": "2026-02-20 21:34:27Z"
}