{
  "earth_dist_km": {
    "VOYAGER 1": 25418500325.45867,
    "VOYAGER 2": 21351848984.592274
  },
  "updated_utc": "2026-03-04 12:38:12Z"
}