{
  "earth_dist_km": {
    "VOYAGER 1": 25396109599.994305,
    "VOYAGER 2": 21324820403.652576
  },
  "updated_utc": "2026-04-18 21:36:11Z"
}