{
  "earth_dist_km": {
    "VOYAGER 1": 25431119316.442326,
    "VOYAGER 2": 21352576013.205875
  },
  "updated_utc": "2026-02-10 21:42:47Z"
}