{
  "earth_dist_km": {
    "VOYAGER 1": 25396370160.677784,
    "VOYAGER 2": 21326020184.69822
  },
  "updated_utc": "2026-04-17 04:24:02Z"
}