{
  "earth_dist_km": {
    "VOYAGER 1": 25416489735.312107,
    "VOYAGER 2": 21306360889.81104
  },
  "updated_utc": "2026-05-31 04:55:27Z"
}