{
  "earth_dist_km": {
    "VOYAGER 1": 25430351067.741146,
    "VOYAGER 2": 21352967798.19195
  },
  "updated_utc": "2026-02-12 12:38:50Z"
}