{
  "earth_dist_km": {
    "VOYAGER 1": 25434974430.478092,
    "VOYAGER 2": 21348044281.155453
  },
  "updated_utc": "2026-01-31 09:35:25Z"
}