{
  "earth_dist_km": {
    "VOYAGER 1": 25493010010.200726,
    "VOYAGER 2": 21329443274.90688
  },
  "updated_utc": "2026-07-10 22:28:09Z"
}