{
  "earth_dist_km": {
    "VOYAGER 1": 25401644137.814312,
    "VOYAGER 2": 21310126503.849594
  },
  "updated_utc": "2026-05-14 10:07:53Z"
}