{
  "earth_dist_km": {
    "VOYAGER 1": 25402029679.97475,
    "VOYAGER 2": 21309878130.522408
  },
  "updated_utc": "2026-05-15 01:15:23Z"
}