{
  "earth_dist_km": {
    "VOYAGER 1": 25395848607.994987,
    "VOYAGER 2": 21323008985.921574
  },
  "updated_utc": "2026-04-21 12:45:21Z"
}