{
  "earth_dist_km": {
    "VOYAGER 1": 25413250489.80556,
    "VOYAGER 2": 21306550204.082375
  },
  "updated_utc": "2026-05-28 07:43:07Z"
}