{
  "earth_dist_km": {
    "VOYAGER 1": 25426760585.782814,
    "VOYAGER 2": 21353767694.54362
  },
  "updated_utc": "2026-02-19 06:42:03Z"
}