{
  "earth_dist_km": {
    "VOYAGER 1": 25412663277.953335,
    "VOYAGER 2": 21348416762.561573
  },
  "updated_utc": "2026-03-13 09:36:53Z"
}