{
  "earth_dist_km": {
    "VOYAGER 1": 25439523670.206238,
    "VOYAGER 2": 21309292427.01706
  },
  "updated_utc": "2026-06-16 01:33:16Z"
}