{
  "earth_dist_km": {
    "VOYAGER 1": 25527601864.140408,
    "VOYAGER 2": 21347619565.900124
  },
  "updated_utc": "2026-07-23 14:36:23Z"
}