{
  "earth_dist_km": {
    "VOYAGER 1": 25396887483.041576,
    "VOYAGER 2": 21315639049.101105
  },
  "updated_utc": "2026-05-03 04:37:46Z"
}