{
  "earth_dist_km": {
    "VOYAGER 1": 25418165205.08202,
    "VOYAGER 2": 21351693724.291416
  },
  "updated_utc": "2026-03-05 00:53:15Z"
}