{
  "earth_dist_km": {
    "VOYAGER 1": 25400642809.74978,
    "VOYAGER 2": 21310852767.576557
  },
  "updated_utc": "2026-05-12 16:09:27Z"
}