{
  "earth_dist_km": {
    "VOYAGER 1": 25450006620.168674,
    "VOYAGER 2": 21312166257.284702
  },
  "updated_utc": "2026-06-21 18:55:08Z"
}