{
  "earth_dist_km": {
    "VOYAGER 1": 25402262520.853466,
    "VOYAGER 2": 21309735498.440117
  },
  "updated_utc": "2026-05-15 10:09:04Z"
}