{
  "earth_dist_km": {
    "VOYAGER 1": 25436127992.383694,
    "VOYAGER 2": 21308525439.840927
  },
  "updated_utc": "2026-06-14 01:31:47Z"
}