{
  "earth_dist_km": {
    "VOYAGER 1": 25400123497.143734,
    "VOYAGER 2": 21334807871.995224
  },
  "updated_utc": "2026-04-04 18:37:15Z"
}