{
  "earth_dist_km": {
    "VOYAGER 1": 25399036687.64873,
    "VOYAGER 2": 21312346964.08915
  },
  "updated_utc": "2026-05-09 09:51:18Z"
}