{
  "earth_dist_km": {
    "VOYAGER 1": 25435629861.044144,
    "VOYAGER 2": 21346214195.413193
  },
  "updated_utc": "2026-01-28 13:49:28Z"
}