{
  "earth_dist_km": {
    "VOYAGER 1": 25413070101.543507,
    "VOYAGER 2": 21348705534.313118
  },
  "updated_utc": "2026-03-12 18:38:33Z"
}