{
  "earth_dist_km": {
    "VOYAGER 1": 25414049198.027905,
    "VOYAGER 2": 21306482438.310055
  },
  "updated_utc": "2026-05-29 01:22:54Z"
}