{
  "earth_dist_km": {
    "VOYAGER 1": 25403570114.43508,
    "VOYAGER 2": 21339737665.81753
  },
  "updated_utc": "2026-03-28 12:37:44Z"
}