{
  "earth_dist_km": {
    "VOYAGER 1": 25416280269.819855,
    "VOYAGER 2": 21350724167.84624
  },
  "updated_utc": "2026-03-07 21:31:59Z"
}