{
  "earth_dist_km": {
    "VOYAGER 1": 25409667793.704777,
    "VOYAGER 2": 21307057364.132404
  },
  "updated_utc": "2026-05-24 18:45:29Z"
}