{
  "earth_dist_km": {
    "VOYAGER 1": 25396178084.434135,
    "VOYAGER 2": 21325167619.93438
  },
  "updated_utc": "2026-04-18 09:38:05Z"
}