{
  "earth_dist_km": {
    "VOYAGER 1": 25456496672.32354,
    "VOYAGER 2": 21314269521.67077
  },
  "updated_utc": "2026-06-25 01:21:13Z"
}