{
  "earth_dist_km": {
    "VOYAGER 1": 25418728574.085773,
    "VOYAGER 2": 21306349546.97635
  },
  "updated_utc": "2026-06-02 01:28:48Z"
}