{
  "earth_dist_km": {
    "VOYAGER 1": 25395773504.076645,
    "VOYAGER 2": 21321893042.692726
  },
  "updated_utc": "2026-04-23 04:24:45Z"
}