{
  "earth_dist_km": {
    "VOYAGER 1": 25431916700.65887,
    "VOYAGER 2": 21307705885.668392
  },
  "updated_utc": "2026-06-11 10:57:44Z"
}