{
  "earth_dist_km": {
    "VOYAGER 1": 25435782722.161613,
    "VOYAGER 2": 21345647003.975338
  },
  "updated_utc": "2026-01-27 18:37:37Z"
}