{
  "earth_dist_km": {
    "VOYAGER 1": 25412581351.296593,
    "VOYAGER 2": 21306618671.286507
  },
  "updated_utc": "2026-05-27 16:36:51Z"
}