{
  "earth_dist_km": {
    "VOYAGER 1": 25434735324.21529,
    "VOYAGER 2": 21348558799.825207
  },
  "updated_utc": "2026-02-01 06:38:17Z"
}