{
  "earth_dist_km": {
    "VOYAGER 1": 25399955020.38958,
    "VOYAGER 2": 21334524596.704723
  },
  "updated_utc": "2026-04-05 04:20:27Z"
}