{
  "earth_dist_km": {
    "VOYAGER 1": 25458856032.878056,
    "VOYAGER 2": 21315087329.16759
  },
  "updated_utc": "2026-06-26 04:50:26Z"
}