{
  "earth_dist_km": {
    "VOYAGER 1": 25409549865.563377,
    "VOYAGER 2": 21307080495.814354
  },
  "updated_utc": "2026-05-24 15:46:04Z"
}