{
  "earth_dist_km": {
    "VOYAGER 1": 25395794832.023746,
    "VOYAGER 2": 21322331773.20475
  },
  "updated_utc": "2026-04-22 12:44:20Z"
}