{
  "earth_dist_km": {
    "VOYAGER 1": 25506116322.77769,
    "VOYAGER 2": 21335964147.70135
  },
  "updated_utc": "2026-07-15 22:25:11Z"
}