{
  "earth_dist_km": {
    "VOYAGER 1": 25400851905.805042,
    "VOYAGER 2": 21310690403.95242
  },
  "updated_utc": "2026-05-13 01:16:43Z"
}