{
  "earth_dist_km": {
    "VOYAGER 1": 25397484357.059937,
    "VOYAGER 2": 21314464876.587757
  },
  "updated_utc": "2026-05-05 07:08:45Z"
}