{
  "earth_dist_km": {
    "VOYAGER 1": 25411047845.159336,
    "VOYAGER 2": 21347195277.387527
  },
  "updated_utc": "2026-03-15 21:34:50Z"
}