{
  "earth_dist_km": {
    "VOYAGER 1": 25434404907.784107,
    "VOYAGER 2": 21349181717.413773
  },
  "updated_utc": "2026-02-02 09:38:29Z"
}