{
  "earth_dist_km": {
    "VOYAGER 1": 25427116328.76733,
    "VOYAGER 2": 21353748068.667336
  },
  "updated_utc": "2026-02-18 15:42:35Z"
}