{
  "earth_dist_km": {
    "VOYAGER 1": 25413771032.031166,
    "VOYAGER 2": 21306504367.50364
  },
  "updated_utc": "2026-05-28 19:16:34Z"
}