{
  "earth_dist_km": {
    "VOYAGER 1": 25451330952.141716,
    "VOYAGER 2": 21312577095.599964
  },
  "updated_utc": "2026-06-22 11:17:27Z"
}