{
  "earth_dist_km": {
    "VOYAGER 1": 25492451490.03494,
    "VOYAGER 2": 21329176368.996807
  },
  "updated_utc": "2026-07-10 17:12:46Z"
}