{
  "earth_dist_km": {
    "VOYAGER 1": 25458557452.951187,
    "VOYAGER 2": 21314982353.559193
  },
  "updated_utc": "2026-06-26 01:23:46Z"
}