{
  "earth_dist_km": {
    "VOYAGER 1": 25395865160.409264,
    "VOYAGER 2": 21323171348.958004
  },
  "updated_utc": "2026-04-21 07:02:47Z"
}