{
  "earth_dist_km": {
    "VOYAGER 1": 25407753539.22274,
    "VOYAGER 2": 21344311844.64457
  },
  "updated_utc": "2026-03-21 04:06:12Z"
}