{
  "earth_dist_km": {
    "VOYAGER 1": 25430228429.418987,
    "VOYAGER 2": 21353021411.337227
  },
  "updated_utc": "2026-02-12 18:40:57Z"
}