{
  "earth_dist_km": {
    "VOYAGER 1": 25405914922.303493,
    "VOYAGER 2": 21342445332.352173
  },
  "updated_utc": "2026-03-24 06:43:33Z"
}