{
  "earth_dist_km": {
    "VOYAGER 1": 25428091617.83458,
    "VOYAGER 2": 21353634863.022835
  },
  "updated_utc": "2026-02-16 21:35:31Z"
}