{
  "earth_dist_km": {
    "VOYAGER 1": 25435535486.09025,
    "VOYAGER 2": 21346529883.00941
  },
  "updated_utc": "2026-01-29 00:50:22Z"
}