{
  "earth_dist_km": {
    "VOYAGER 1": 25413654660.65082,
    "VOYAGER 2": 21306514066.221825
  },
  "updated_utc": "2026-05-28 16:42:43Z"
}