{
  "earth_dist_km": {
    "VOYAGER 1": 25410195966.032047,
    "VOYAGER 2": 21306959283.21827
  },
  "updated_utc": "2026-05-25 07:57:54Z"
}