{
  "earth_dist_km": {
    "VOYAGER 1": 25473364838.393078,
    "VOYAGER 2": 21320657843.512146
  },
  "updated_utc": "2026-07-02 19:56:32Z"
}