{
  "earth_dist_km": {
    "VOYAGER 1": 25395777221.77629,
    "VOYAGER 2": 21320570424.895535
  },
  "updated_utc": "2026-04-25 04:20:09Z"
}