{
  "earth_dist_km": {
    "VOYAGER 1": 25427543587.88492,
    "VOYAGER 2": 21307030219.490456
  },
  "updated_utc": "2026-06-08 13:50:14Z"
}