{
  "earth_dist_km": {
    "VOYAGER 1": 25400509596.031517,
    "VOYAGER 2": 21310959477.436844
  },
  "updated_utc": "2026-05-12 10:14:21Z"
}