{
  "earth_dist_km": {
    "VOYAGER 1": 25396462195.565693,
    "VOYAGER 2": 21316740473.18262
  },
  "updated_utc": "2026-05-01 07:15:41Z"
}