{
  "earth_dist_km": {
    "VOYAGER 1": 25408403586.62883,
    "VOYAGER 2": 21307330266.247448
  },
  "updated_utc": "2026-05-23 10:02:29Z"
}