{
  "earth_dist_km": {
    "VOYAGER 1": 25427188533.258198,
    "VOYAGER 2": 21353742729.36142
  },
  "updated_utc": "2026-02-18 12:38:29Z"
}