{
  "earth_dist_km": {
    "VOYAGER 1": 25400282283.421684,
    "VOYAGER 2": 21335070170.25478
  },
  "updated_utc": "2026-04-04 09:36:36Z"
}