{
  "earth_dist_km": {
    "VOYAGER 1": 25397292781.087654,
    "VOYAGER 2": 21314808662.69393
  },
  "updated_utc": "2026-05-04 16:05:37Z"
}