{
  "earth_dist_km": {
    "VOYAGER 1": 25481916046.30095,
    "VOYAGER 2": 21324323529.144047
  },
  "updated_utc": "2026-07-06 11:07:58Z"
}