{
  "earth_dist_km": {
    "VOYAGER 1": 25433214738.575718,
    "VOYAGER 2": 21350855868.679977
  },
  "updated_utc": "2026-02-05 21:35:42Z"
}