{
  "earth_dist_km": {
    "VOYAGER 1": 25417506363.304787,
    "VOYAGER 2": 21351373284.79599
  },
  "updated_utc": "2026-03-06 00:55:30Z"
}