{
  "earth_dist_km": {
    "VOYAGER 1": 25407945425.97467,
    "VOYAGER 2": 21307443545.63059
  },
  "updated_utc": "2026-05-22 21:45:39Z"
}