{
  "earth_dist_km": {
    "VOYAGER 1": 25400177030.63451,
    "VOYAGER 2": 21311237759.16889
  },
  "updated_utc": "2026-05-11 19:04:26Z"
}