{
  "earth_dist_km": {
    "VOYAGER 1": 25422454000.535484,
    "VOYAGER 2": 21353263681.73195
  },
  "updated_utc": "2026-02-26 09:38:40Z"
}