{
  "earth_dist_km": {
    "VOYAGER 1": 25396311972.090076,
    "VOYAGER 2": 21325777051.96346
  },
  "updated_utc": "2026-04-17 12:43:47Z"
}