{
  "earth_dist_km": {
    "VOYAGER 1": 25421330658.640053,
    "VOYAGER 2": 21352943552.118443
  },
  "updated_utc": "2026-02-28 04:01:05Z"
}