{
  "earth_dist_km": {
    "VOYAGER 1": 25420176099.398197,
    "VOYAGER 2": 21306387127.37235
  },
  "updated_utc": "2026-06-03 05:04:36Z"
}