{
  "earth_dist_km": {
    "VOYAGER 1": 25435281217.42644,
    "VOYAGER 2": 21347281236.431427
  },
  "updated_utc": "2026-01-30 04:07:11Z"
}