{
  "earth_dist_km": {
    "VOYAGER 1": 25426245116.26718,
    "VOYAGER 2": 21353777201.52909
  },
  "updated_utc": "2026-02-20 04:08:11Z"
}