{
  "earth_dist_km": {
    "VOYAGER 1": 25396157969.305134,
    "VOYAGER 2": 21317804777.123688
  },
  "updated_utc": "2026-04-29 12:56:39Z"
}