{
  "earth_dist_km": {
    "VOYAGER 1": 25405344074.73371,
    "VOYAGER 2": 21341822762.12609
  },
  "updated_utc": "2026-03-25 06:43:12Z"
}