{
  "earth_dist_km": {
    "VOYAGER 1": 25471918528.05962,
    "VOYAGER 2": 21320064140.513653
  },
  "updated_utc": "2026-07-02 04:45:11Z"
}