{
  "earth_dist_km": {
    "VOYAGER 1": 25397154681.379982,
    "VOYAGER 2": 21315074071.724567
  },
  "updated_utc": "2026-05-04 04:37:25Z"
}