{
  "earth_dist_km": {
    "VOYAGER 1": 25406056875.784214,
    "VOYAGER 2": 21342596814.631397
  },
  "updated_utc": "2026-03-24 00:49:17Z"
}