{
  "earth_dist_km": {
    "VOYAGER 1": 25397039954.176826,
    "VOYAGER 2": 21315307548.117165
  },
  "updated_utc": "2026-05-03 18:38:39Z"
}