{
  "earth_dist_km": {
    "VOYAGER 1": 25396560213.92692,
    "VOYAGER 2": 21316457269.35141
  },
  "updated_utc": "2026-05-01 18:45:04Z"
}