{
  "earth_dist_km": {
    "VOYAGER 1": 25399803338.780846,
    "VOYAGER 2": 21311572599.763245
  },
  "updated_utc": "2026-05-11 01:17:29Z"
}