{
  "earth_dist_km": {
    "VOYAGER 1": 25414779962.064472,
    "VOYAGER 2": 21349837977.74674
  },
  "updated_utc": "2026-03-10 04:07:03Z"
}