{
  "earth_dist_km": {
    "VOYAGER 1": 25503145241.985645,
    "VOYAGER 2": 21334444010.783752
  },
  "updated_utc": "2026-07-14 19:48:02Z"
}