{
  "earth_dist_km": {
    "VOYAGER 1": 25465545148.19183,
    "VOYAGER 2": 21317545656.730118
  },
  "updated_utc": "2026-06-29 08:09:46Z"
}