{
  "earth_dist_km": {
    "VOYAGER 1": 25423546392.977604,
    "VOYAGER 2": 21353506553.951683
  },
  "updated_utc": "2026-02-24 15:44:43Z"
}