{
  "earth_dist_km": {
    "VOYAGER 1": 25398519502.318634,
    "VOYAGER 2": 21312952490.676453
  },
  "updated_utc": "2026-05-08 04:25:41Z"
}