{
  "earth_dist_km": {
    "VOYAGER 1": 25403374254.714413,
    "VOYAGER 2": 21339491953.54684
  },
  "updated_utc": "2026-03-28 21:35:32Z"
}