{
  "earth_dist_km": {
    "VOYAGER 1": 25442583130.19102,
    "VOYAGER 2": 21310056648.631092
  },
  "updated_utc": "2026-06-17 19:13:01Z"
}