{
  "earth_dist_km": {
    "VOYAGER 1": 25434048494.35891,
    "VOYAGER 2": 21349763300.249783
  },
  "updated_utc": "2026-02-03 12:38:26Z"
}