{
  "earth_dist_km": {
    "VOYAGER 1": 25424149618.569317,
    "VOYAGER 2": 21306648126.32571
  },
  "updated_utc": "2026-06-06 04:42:06Z"
}