{
  "earth_dist_km": {
    "VOYAGER 1": 25410074340.68942,
    "VOYAGER 2": 21306981082.73073
  },
  "updated_utc": "2026-05-25 04:56:16Z"
}