{
  "earth_dist_km": {
    "VOYAGER 1": 25421181926.37211,
    "VOYAGER 2": 21352896077.782825
  },
  "updated_utc": "2026-02-28 09:35:13Z"
}