{
  "earth_dist_km": {
    "VOYAGER 1": 25427816256.896606,
    "VOYAGER 2": 21353676086.79856
  },
  "updated_utc": "2026-02-17 09:38:26Z"
}