{
  "earth_dist_km": {
    "VOYAGER 1": 25478873806.37259,
    "VOYAGER 2": 21322989831.977703
  },
  "updated_utc": "2026-07-05 04:35:22Z"
}