{
  "earth_dist_km": {
    "VOYAGER 1": 25401341175.346275,
    "VOYAGER 2": 21310333151.658634
  },
  "updated_utc": "2026-05-13 21:51:10Z"
}