{
  "earth_dist_km": {
    "VOYAGER 1": 25395798744.359776,
    "VOYAGER 2": 21320182510.314587
  },
  "updated_utc": "2026-04-25 18:37:46Z"
}