{
  "earth_dist_km": {
    "VOYAGER 1": 25429978344.174374,
    "VOYAGER 2": 21307382776.694603
  },
  "updated_utc": "2026-06-10 04:53:23Z"
}