{
  "earth_dist_km": {
    "VOYAGER 1": 25529198905.66409,
    "VOYAGER 2": 21348529299.525272
  },
  "updated_utc": "2026-07-24 03:47:56Z"
}