{
  "earth_dist_km": {
    "VOYAGER 1": 25494660371.354187,
    "VOYAGER 2": 21330238245.004166
  },
  "updated_utc": "2026-07-11 13:57:59Z"
}