{
  "earth_dist_km": {
    "VOYAGER 1": 25475157294.708115,
    "VOYAGER 2": 21321404509.87186
  },
  "updated_utc": "2026-07-03 14:34:42Z"
}