{
  "earth_dist_km": {
    "VOYAGER 1": 25429920534.381687,
    "VOYAGER 2": 21353146123.80718
  },
  "updated_utc": "2026-02-13 09:37:50Z"
}