{
  "earth_dist_km": {
    "VOYAGER 1": 25403670926.945152,
    "VOYAGER 2": 21308975345.966213
  },
  "updated_utc": "2026-05-17 12:41:57Z"
}