{
  "earth_dist_km": {
    "VOYAGER 1": 25431232779.010414,
    "VOYAGER 2": 21352509287.490406
  },
  "updated_utc": "2026-02-10 15:46:31Z"
}