{
  "earth_dist_km": {
    "VOYAGER 1": 25399124529.257904,
    "VOYAGER 2": 21333043024.94349
  },
  "updated_utc": "2026-04-07 06:51:13Z"
}