{
  "earth_dist_km": {
    "VOYAGER 1": 25520576307.404663,
    "VOYAGER 2": 21343686240.767017
  },
  "updated_utc": "2026-07-21 03:50:21Z"
}