{
  "earth_dist_km": {
    "VOYAGER 1": 25458014001.33257,
    "VOYAGER 2": 21314792376.20319
  },
  "updated_utc": "2026-06-25 19:05:50Z"
}