{
  "earth_dist_km": {
    "VOYAGER 1": 25396341871.83708,
    "VOYAGER 2": 21317121321.28158
  },
  "updated_utc": "2026-04-30 15:56:58Z"
}