{
  "earth_dist_km": {
    "VOYAGER 1": 25406580782.83049,
    "VOYAGER 2": 21307831914.825638
  },
  "updated_utc": "2026-05-21 07:38:44Z"
}