{
  "earth_dist_km": {
    "VOYAGER 1": 25463335025.22036,
    "VOYAGER 2": 21316711469.241837
  },
  "updated_utc": "2026-06-28 07:40:31Z"
}