{
  "earth_dist_km": {
    "VOYAGER 1": 25410167032.711792,
    "VOYAGER 2": 21346477606.976986
  },
  "updated_utc": "2026-03-17 06:44:11Z"
}