{
  "earth_dist_km": {
    "VOYAGER 1": 25397945045.00882,
    "VOYAGER 2": 21313730863.709087
  },
  "updated_utc": "2026-05-06 16:05:44Z"
}