{
  "earth_dist_km": {
    "VOYAGER 1": 25433924503.503895,
    "VOYAGER 2": 21349947353.316902
  },
  "updated_utc": "2026-02-03 21:36:27Z"
}