{
  "earth_dist_km": {
    "VOYAGER 1": 25432063671.989697,
    "VOYAGER 2": 21351939735.642883
  },
  "updated_utc": "2026-02-08 18:36:55Z"
}