{
  "earth_dist_km": {
    "VOYAGER 1": 25435710668.359047,
    "VOYAGER 2": 21345923949.014828
  },
  "updated_utc": "2026-01-28 03:54:14Z"
}