{
  "earth_dist_km": {
    "VOYAGER 1": 25429732472.27179,
    "VOYAGER 2": 21353215762.681442
  },
  "updated_utc": "2026-02-13 18:37:59Z"
}