{
  "earth_dist_km": {
    "VOYAGER 1": 25461182708.811596,
    "VOYAGER 2": 21315919631.04205
  },
  "updated_utc": "2026-06-27 07:27:31Z"
}