{
  "earth_dist_km": {
    "VOYAGER 1": 25491681499.901913,
    "VOYAGER 2": 21328809944.78101
  },
  "updated_utc": "2026-07-10 09:55:30Z"
}