{
  "earth_dist_km": {
    "VOYAGER 1": 25396385677.442345,
    "VOYAGER 2": 21316978070.390244
  },
  "updated_utc": "2026-04-30 21:41:31Z"
}