{
  "earth_dist_km": {
    "VOYAGER 1": 25435805507.41355,
    "VOYAGER 2": 21345555412.347206
  },
  "updated_utc": "2026-01-27 15:35:47Z"
}