{
  "earth_dist_km": {
    "VOYAGER 1": 25421899503.656013,
    "VOYAGER 2": 21353114264.247944
  },
  "updated_utc": "2026-02-27 06:38:24Z"
}