{
  "earth_dist_km": {
    "VOYAGER 1": 25410642026.211506,
    "VOYAGER 2": 21306883234.990112
  },
  "updated_utc": "2026-05-25 18:54:55Z"
}