{
  "earth_dist_km": {
    "VOYAGER 1": 25406941102.370567,
    "VOYAGER 2": 21343511974.793903
  },
  "updated_utc": "2026-03-22 12:37:27Z"
}