{
  "earth_dist_km": {
    "VOYAGER 1": 25405443720.72389,
    "VOYAGER 2": 21308221512.900238
  },
  "updated_utc": "2026-05-19 21:52:24Z"
}