{
  "earth_dist_km": {
    "VOYAGER 1": 25429757362.005013,
    "VOYAGER 2": 21307348265.512638
  },
  "updated_utc": "2026-06-10 01:24:18Z"
}