{
  "earth_dist_km": {
    "VOYAGER 1": 25423308685.067932,
    "VOYAGER 2": 21353459714.014816
  },
  "updated_utc": "2026-02-25 00:55:37Z"
}