{
  "earth_dist_km": {
    "VOYAGER 1": 25419364452.12257,
    "VOYAGER 2": 21306361948.72873
  },
  "updated_utc": "2026-06-02 13:42:37Z"
}