{
  "earth_dist_km": {
    "VOYAGER 1": 25429415330.791286,
    "VOYAGER 2": 21353322036.55188
  },
  "updated_utc": "2026-02-14 09:35:53Z"
}