{
  "earth_dist_km": {
    "VOYAGER 1": 25396725812.74965,
    "VOYAGER 2": 21316022217.648224
  },
  "updated_utc": "2026-05-02 12:38:52Z"
}