{
  "earth_dist_km": {
    "VOYAGER 1": 25396319666.179832,
    "VOYAGER 2": 21317196949.850037
  },
  "updated_utc": "2026-04-30 12:56:37Z"
}