{
  "earth_dist_km": {
    "VOYAGER 1": 25418076665.44434,
    "VOYAGER 2": 21351651829.275246
  },
  "updated_utc": "2026-03-05 04:07:32Z"
}