{
  "earth_dist_km": {
    "VOYAGER 1": 25425880077.03975,
    "VOYAGER 2": 21306826138.904903
  },
  "updated_utc": "2026-06-07 10:15:26Z"
}