{
  "earth_dist_km": {
    "VOYAGER 1": 25429795382.91568,
    "VOYAGER 2": 21353192929.53257
  },
  "updated_utc": "2026-02-13 15:37:50Z"
}