{
  "earth_dist_km": {
    "VOYAGER 1": 25427717101.082165,
    "VOYAGER 2": 21307053277.25484
  },
  "updated_utc": "2026-06-08 16:40:03Z"
}