{
  "earth_dist_km": {
    "VOYAGER 1": 25432632838.381126,
    "VOYAGER 2": 21351453740.116016
  },
  "updated_utc": "2026-02-07 09:35:45Z"
}