{
  "earth_dist_km": {
    "VOYAGER 1": 25401869645.34528,
    "VOYAGER 2": 21337482049.410603
  },
  "updated_utc": "2026-03-31 21:36:53Z"
}