{
  "earth_dist_km": {
    "VOYAGER 1": 25400714966.778393,
    "VOYAGER 2": 21335763514.92844
  },
  "updated_utc": "2026-04-03 09:40:07Z"
}