{
  "earth_dist_km": {
    "VOYAGER 1": 25489172675.053535,
    "VOYAGER 2": 21327628575.180683
  },
  "updated_utc": "2026-07-09 10:00:02Z"
}