{
  "earth_dist_km": {
    "VOYAGER 1": 25454761285.278564,
    "VOYAGER 2": 21313685524.26711
  },
  "updated_utc": "2026-06-24 04:48:29Z"
}