{
  "earth_dist_km": {
    "VOYAGER 1": 25468752900.00041,
    "VOYAGER 2": 21318792847.02334
  },
  "updated_utc": "2026-06-30 19:02:49Z"
}