{
  "earth_dist_km": {
    "VOYAGER 1": 25449776295.09569,
    "VOYAGER 2": 21312095812.36232
  },
  "updated_utc": "2026-06-21 16:03:43Z"
}