{
  "earth_dist_km": {
    "VOYAGER 1": 25404984024.32589,
    "VOYAGER 2": 21308398464.970444
  },
  "updated_utc": "2026-05-19 07:37:50Z"
}