{
  "earth_dist_km": {
    "VOYAGER 1": 25413149973.726505,
    "VOYAGER 2": 21348761351.08026
  },
  "updated_utc": "2026-03-12 15:42:16Z"
}