{
  "earth_dist_km": {
    "VOYAGER 1": 25396160357.15223,
    "VOYAGER 2": 21325080470.222057
  },
  "updated_utc": "2026-04-18 12:38:02Z"
}