{
  "earth_dist_km": {
    "VOYAGER 1": 25435134372.15921,
    "VOYAGER 2": 21347662977.46134
  },
  "updated_utc": "2026-01-30 18:37:21Z"
}