{
  "earth_dist_km": {
    "VOYAGER 1": 25530474249.915775,
    "VOYAGER 2": 21349259842.167698
  },
  "updated_utc": "2026-07-24 14:16:29Z"
}