{
  "earth_dist_km": {
    "VOYAGER 1": 25398082340.389027,
    "VOYAGER 2": 21313532796.33459
  },
  "updated_utc": "2026-05-07 01:11:44Z"
}