{
  "earth_dist_km": {
    "VOYAGER 1": 25403701072.70072,
    "VOYAGER 2": 21339900106.391518
  },
  "updated_utc": "2026-03-28 06:40:39Z"
}