{
  "earth_dist_km": {
    "VOYAGER 1": 25397662458.40602,
    "VOYAGER 2": 21329942674.664516
  },
  "updated_utc": "2026-04-11 15:35:55Z"
}