{
  "earth_dist_km": {
    "VOYAGER 1": 25435589476.813194,
    "VOYAGER 2": 21346352136.01943
  },
  "updated_utc": "2026-01-28 18:36:51Z"
}