{
  "earth_dist_km": {
    "VOYAGER 1": 25401795435.98357,
    "VOYAGER 2": 21310027155.47597
  },
  "updated_utc": "2026-05-14 16:07:54Z"
}