{
  "earth_dist_km": {
    "VOYAGER 1": 25426569968.562542,
    "VOYAGER 2": 21306906985.456074
  },
  "updated_utc": "2026-06-07 21:47:28Z"
}