{
  "earth_dist_km": {
    "VOYAGER 1": 25402859063.058777,
    "VOYAGER 2": 21338829087.16693
  },
  "updated_utc": "2026-03-29 21:35:40Z"
}