{
  "earth_dist_km": {
    "VOYAGER 1": 25475673880.648315,
    "VOYAGER 2": 21321621895.15055
  },
  "updated_utc": "2026-07-03 19:53:59Z"
}