{
  "earth_dist_km": {
    "VOYAGER 1": 25405205016.034023,
    "VOYAGER 2": 21341667755.878277
  },
  "updated_utc": "2026-03-25 12:38:39Z"
}