{
  "earth_dist_km": {
    "VOYAGER 1": 25524696089.321793,
    "VOYAGER 2": 21345979021.611942
  },
  "updated_utc": "2026-07-22 14:27:53Z"
}