{
  "earth_dist_km": {
    "VOYAGER 1": 25435264029.90967,
    "VOYAGER 2": 21308344907.505833
  },
  "updated_utc": "2026-06-13 12:58:06Z"
}