{
  "earth_dist_km": {
    "VOYAGER 1": 25431892324.03267,
    "VOYAGER 2": 21352069734.31829
  },
  "updated_utc": "2026-02-09 04:11:52Z"
}