{
  "earth_dist_km": {
    "VOYAGER 1": 25497853612.83452,
    "VOYAGER 2": 21331796537.861565
  },
  "updated_utc": "2026-07-12 19:35:04Z"
}