{
  "earth_dist_km": {
    "VOYAGER 1": 25417103159.54592,
    "VOYAGER 2": 21351167347.936012
  },
  "updated_utc": "2026-03-06 15:36:41Z"
}