{
  "earth_dist_km": {
    "VOYAGER 1": 25415007537.612938,
    "VOYAGER 2": 21306419984.11483
  },
  "updated_utc": "2026-05-29 22:01:53Z"
}