{
  "earth_dist_km": {
    "VOYAGER 1": 25435256307.884296,
    "VOYAGER 2": 21347348364.901714
  },
  "updated_utc": "2026-01-30 06:38:11Z"
}