{
  "earth_dist_km": {
    "VOYAGER 1": 25523428846.173904,
    "VOYAGER 2": 21345269579.13517
  },
  "updated_utc": "2026-07-22 03:51:23Z"
}