{
  "earth_dist_km": {
    "VOYAGER 1": 25417995112.842434,
    "VOYAGER 2": 21306343569.77422
  },
  "updated_utc": "2026-06-01 11:08:13Z"
}