{
  "earth_dist_km": {
    "VOYAGER 1": 25455235949.41135,
    "VOYAGER 2": 21313843748.52114
  },
  "updated_utc": "2026-06-24 10:27:36Z"
}