{
  "earth_dist_km": {
    "VOYAGER 1": 25412013680.843708,
    "VOYAGER 2": 21347940060.305485
  },
  "updated_utc": "2026-03-14 09:36:00Z"
}