{
  "earth_dist_km": {
    "VOYAGER 1": 25435972465.72592,
    "VOYAGER 2": 21344811568.04768
  },
  "updated_utc": "2026-01-26 15:35:36Z"
}