{
  "earth_dist_km": {
    "VOYAGER 1": 25426391733.039364,
    "VOYAGER 2": 21306885575.90015
  },
  "updated_utc": "2026-06-07 18:49:51Z"
}