{
  "earth_dist_km": {
    "VOYAGER 1": 25468488243.58447,
    "VOYAGER 2": 21318688357.279552
  },
  "updated_utc": "2026-06-30 16:11:28Z"
}