{
  "earth_dist_km": {
    "VOYAGER 1": 25415163074.646847,
    "VOYAGER 2": 21306411699.24027
  },
  "updated_utc": "2026-05-30 01:19:01Z"
}