{
  "earth_dist_km": {
    "VOYAGER 1": 25403936777.522083,
    "VOYAGER 2": 21308849289.89987
  },
  "updated_utc": "2026-05-17 21:40:31Z"
}