{
  "earth_dist_km": {
    "VOYAGER 1": 25409783601.12533,
    "VOYAGER 2": 21307035092.30344
  },
  "updated_utc": "2026-05-24 21:40:54Z"
}