{
  "earth_dist_km": {
    "VOYAGER 1": 25479826498.05403,
    "VOYAGER 2": 21323404067.755672
  },
  "updated_utc": "2026-07-05 14:12:24Z"
}