{
  "earth_dist_km": {
    "VOYAGER 1": 25419810753.684628,
    "VOYAGER 2": 21306374522.06115
  },
  "updated_utc": "2026-06-02 22:11:47Z"
}