{
  "earth_dist_km": {
    "VOYAGER 1": 25432581940.345768,
    "VOYAGER 2": 21351500866.61892
  },
  "updated_utc": "2026-02-07 12:37:36Z"
}