{
  "earth_dist_km": {
    "VOYAGER 1": 25408914374.87145,
    "VOYAGER 2": 21345391260.71678
  },
  "updated_utc": "2026-03-19 06:40:29Z"
}