{
  "earth_dist_km": {
    "VOYAGER 1": 25434206749.087746,
    "VOYAGER 2": 21349515264.26609
  },
  "updated_utc": "2026-02-03 00:53:34Z"
}