{
  "earth_dist_km": {
    "VOYAGER 1": 25449137440.802452,
    "VOYAGER 2": 21311902006.48158
  },
  "updated_utc": "2026-06-21 08:04:55Z"
}