{
  "earth_dist_km": {
    "VOYAGER 1": 25428631185.207676,
    "VOYAGER 2": 21353531295.078056
  },
  "updated_utc": "2026-02-15 21:34:28Z"
}