{
  "earth_dist_km": {
    "VOYAGER 1": 25395888196.449436,
    "VOYAGER 2": 21319272922.805725
  },
  "updated_utc": "2026-04-27 04:34:45Z"
}