{
  "earth_dist_km": {
    "VOYAGER 1": 25396046764.948105,
    "VOYAGER 2": 21324472414.247112
  },
  "updated_utc": "2026-04-19 09:38:05Z"
}