{
  "earth_dist_km": {
    "VOYAGER 1": 25399326617.96361,
    "VOYAGER 2": 21312038759.294083
  },
  "updated_utc": "2026-05-10 01:17:03Z"
}