{
  "earth_dist_km": {
    "VOYAGER 1": 25422769720.586273,
    "VOYAGER 2": 21353341034.81415
  },
  "updated_utc": "2026-02-25 21:36:19Z"
}