{
  "earth_dist_km": {
    "VOYAGER 1": 25395770381.02137,
    "VOYAGER 2": 21320753406.338963
  },
  "updated_utc": "2026-04-24 21:38:14Z"
}