{
  "earth_dist_km": {
    "VOYAGER 1": 25434089583.40272,
    "VOYAGER 2": 21349700362.43105
  },
  "updated_utc": "2026-02-03 09:37:45Z"
}