{
  "earth_dist_km": {
    "VOYAGER 1": 25414339611.583187,
    "VOYAGER 2": 21306461398.28887
  },
  "updated_utc": "2026-05-29 07:41:46Z"
}