{
  "earth_dist_km": {
    "VOYAGER 1": 25397777789.815773,
    "VOYAGER 2": 21313984078.33366
  },
  "updated_utc": "2026-05-06 04:35:23Z"
}