{
  "earth_dist_km": {
    "VOYAGER 1": 25404420387.916424,
    "VOYAGER 2": 21308632410.31687
  },
  "updated_utc": "2026-05-18 13:37:54Z"
}