{
  "earth_dist_km": {
    "VOYAGER 1": 25420215207.128952,
    "VOYAGER 2": 21352559657.143204
  },
  "updated_utc": "2026-03-01 21:33:30Z"
}