{
  "earth_dist_km": {
    "VOYAGER 1": 25400660460.956413,
    "VOYAGER 2": 21335677811.13605
  },
  "updated_utc": "2026-04-03 12:38:24Z"
}