{
  "earth_dist_km": {
    "VOYAGER 1": 25420377121.80902,
    "VOYAGER 2": 21352619317.255493
  },
  "updated_utc": "2026-03-01 15:33:50Z"
}