{
  "earth_dist_km": {
    "VOYAGER 1": 25480380276.083332,
    "VOYAGER 2": 21323646294.74585
  },
  "updated_utc": "2026-07-05 19:46:48Z"
}