{
  "earth_dist_km": {
    "VOYAGER 1": 25399078708.464863,
    "VOYAGER 2": 21332956607.568306
  },
  "updated_utc": "2026-04-07 09:47:36Z"
}