{
  "earth_dist_km": {
    "VOYAGER 1": 25402118530.938477,
    "VOYAGER 2": 21309823071.42457
  },
  "updated_utc": "2026-05-15 04:40:28Z"
}