{
  "earth_dist_km": {
    "VOYAGER 1": 25401108026.569195,
    "VOYAGER 2": 21336368567.456615
  },
  "updated_utc": "2026-04-02 12:39:47Z"
}