{
  "earth_dist_km": {
    "VOYAGER 1": 25448322762.696095,
    "VOYAGER 2": 21311658291.32756
  },
  "updated_utc": "2026-06-20 21:49:35Z"
}