{
  "earth_dist_km": {
    "VOYAGER 1": 25417027207.123302,
    "VOYAGER 2": 21306349978.85055
  },
  "updated_utc": "2026-05-31 15:50:18Z"
}