{
  "earth_dist_km": {
    "VOYAGER 1": 25448899677.33023,
    "VOYAGER 2": 21311830478.391346
  },
  "updated_utc": "2026-06-21 05:05:05Z"
}