{
  "earth_dist_km": {
    "VOYAGER 1": 25422138553.917683,
    "VOYAGER 2": 21353180770.559177
  },
  "updated_utc": "2026-02-26 21:36:08Z"
}