{
  "earth_dist_km": {
    "VOYAGER 1": 25417267969.097572,
    "VOYAGER 2": 21351252421.02494
  },
  "updated_utc": "2026-03-06 09:36:57Z"
}