{
  "earth_dist_km": {
    "VOYAGER 1": 25423158039.809177,
    "VOYAGER 2": 21353428268.858257
  },
  "updated_utc": "2026-02-25 06:43:17Z"
}