{
  "earth_dist_km": {
    "VOYAGER 1": 25431628563.27987,
    "VOYAGER 2": 21352256611.886612
  },
  "updated_utc": "2026-02-09 18:39:20Z"
}