{
  "earth_dist_km": {
    "VOYAGER 1": 25444879113.794903,
    "VOYAGER 2": 21310672240.775276
  },
  "updated_utc": "2026-06-19 01:35:29Z"
}