{
  "earth_dist_km": {
    "VOYAGER 1": 25398282337.660202,
    "VOYAGER 2": 21331355981.684944
  },
  "updated_utc": "2026-04-09 15:56:30Z"
}