{
  "earth_dist_km": {
    "VOYAGER 1": 25505200984.449425,
    "VOYAGER 2": 21335493295.61647
  },
  "updated_utc": "2026-07-15 14:15:05Z"
}