{
  "earth_dist_km": {
    "VOYAGER 1": 25396363887.42599,
    "VOYAGER 2": 21317048783.22076
  },
  "updated_utc": "2026-04-30 18:51:43Z"
}