{
  "earth_dist_km": {
    "VOYAGER 1": 25512683828.60902,
    "VOYAGER 2": 21339406613.68199
  },
  "updated_utc": "2026-07-18 08:11:33Z"
}