{
  "earth_dist_km": {
    "VOYAGER 1": 25432831376.247803,
    "VOYAGER 2": 21351262367.380825
  },
  "updated_utc": "2026-02-06 21:35:54Z"
}