{
  "earth_dist_km": {
    "VOYAGER 1": 25396441084.48316,
    "VOYAGER 2": 21316804454.82821
  },
  "updated_utc": "2026-05-01 04:40:14Z"
}