{
  "earth_dist_km": {
    "VOYAGER 1": 25405628950.344246,
    "VOYAGER 2": 21342136171.607227
  },
  "updated_utc": "2026-03-24 18:41:56Z"
}