{
  "earth_dist_km": {
    "VOYAGER 1": 25473612194.925903,
    "VOYAGER 2": 21320760172.259033
  },
  "updated_utc": "2026-07-02 22:31:02Z"
}