{
  "earth_dist_km": {
    "VOYAGER 1": 25435195940.666096,
    "VOYAGER 2": 21347506927.47256
  },
  "updated_utc": "2026-01-30 12:38:12Z"
}