{
  "earth_dist_km": {
    "VOYAGER 1": 25422792816.215294,
    "VOYAGER 2": 21306534736.511868
  },
  "updated_utc": "2026-06-05 04:52:52Z"
}