{
  "earth_dist_km": {
    "VOYAGER 1": 25457265884.366375,
    "VOYAGER 2": 21314533179.555122
  },
  "updated_utc": "2026-06-25 10:22:41Z"
}