{
  "earth_dist_km": {
    "VOYAGER 1": 25396024558.709106,
    "VOYAGER 2": 21318422290.952274
  },
  "updated_utc": "2026-04-28 12:58:34Z"
}