{
  "earth_dist_km": {
    "VOYAGER 1": 25435952789.375694,
    "VOYAGER 2": 21344906939.013607
  },
  "updated_utc": "2026-01-26 18:36:49Z"
}