{
  "earth_dist_km": {
    "VOYAGER 1": 25507921031.54136,
    "VOYAGER 2": 21336898987.56456
  },
  "updated_utc": "2026-07-16 14:26:40Z"
}