{
  "earth_dist_km": {
    "VOYAGER 1": 25438508706.722378,
    "VOYAGER 2": 21309053879.68848
  },
  "updated_utc": "2026-06-15 11:24:38Z"
}