{
  "earth_dist_km": {
    "VOYAGER 1": 25425143709.52515,
    "VOYAGER 2": 21353728074.938946
  },
  "updated_utc": "2026-02-22 00:53:41Z"
}