{
  "earth_dist_km": {
    "VOYAGER 1": 25407532475.342644,
    "VOYAGER 2": 21307552737.75161
  },
  "updated_utc": "2026-05-22 10:28:58Z"
}