{
  "earth_dist_km": {
    "VOYAGER 1": 25465812232.036423,
    "VOYAGER 2": 21317647874.518192
  },
  "updated_utc": "2026-06-29 11:05:30Z"
}