{
  "earth_dist_km": {
    "VOYAGER 1": 25431738695.43858,
    "VOYAGER 2": 21352180469.142536
  },
  "updated_utc": "2026-02-09 12:39:14Z"
}