{
  "earth_dist_km": {
    "VOYAGER 1": 25395762795.629486,
    "VOYAGER 2": 21321414449.960785
  },
  "updated_utc": "2026-04-23 21:37:52Z"
}