{
  "earth_dist_km": {
    "VOYAGER 1": 25498777891.208927,
    "VOYAGER 2": 21332253307.972336
  },
  "updated_utc": "2026-07-13 04:05:19Z"
}