{
  "earth_dist_km": {
    "VOYAGER 1": 25467698561.70542,
    "VOYAGER 2": 21318378261.411156
  },
  "updated_utc": "2026-06-30 07:39:00Z"
}