{
  "earth_dist_km": {
    "VOYAGER 1": 25401928450.117153,
    "VOYAGER 2": 21337565076.291862
  },
  "updated_utc": "2026-03-31 18:40:40Z"
}