{
  "earth_dist_km": {
    "VOYAGER 1": 25427747234.080166,
    "VOYAGER 2": 21353685242.862633
  },
  "updated_utc": "2026-02-17 12:38:32Z"
}