{
  "earth_dist_km": {
    "VOYAGER 1": 25411656181.96684,
    "VOYAGER 2": 21306732059.22219
  },
  "updated_utc": "2026-05-26 19:10:37Z"
}