{
  "earth_dist_km": {
    "VOYAGER 1": 25398714036.708324,
    "VOYAGER 2": 21332248303.608395
  },
  "updated_utc": "2026-04-08 09:47:50Z"
}