{
  "earth_dist_km": {
    "VOYAGER 1": 25448618766.07892,
    "VOYAGER 2": 21311746393.67622
  },
  "updated_utc": "2026-06-21 01:33:36Z"
}