{
  "earth_dist_km": {
    "VOYAGER 1": 25474159286.38364,
    "VOYAGER 2": 21320987309.44373
  },
  "updated_utc": "2026-07-03 04:13:11Z"
}