{
  "earth_dist_km": {
    "VOYAGER 1": 25430710308.65103,
    "VOYAGER 2": 21352797060.14171
  },
  "updated_utc": "2026-02-11 18:41:35Z"
}