{
  "earth_dist_km": {
    "VOYAGER 1": 25421469780.44398,
    "VOYAGER 2": 21306447885.64488
  },
  "updated_utc": "2026-06-04 05:01:19Z"
}