{
  "earth_dist_km": {
    "VOYAGER 1": 25398624292.47811,
    "VOYAGER 2": 21332067962.646294
  },
  "updated_utc": "2026-04-08 15:53:45Z"
}