{
  "earth_dist_km": {
    "VOYAGER 1": 25435993344.531162,
    "VOYAGER 2": 21344707684.24927
  },
  "updated_utc": "2026-01-26 12:19:54Z"
}