{
  "earth_dist_km": {
    "VOYAGER 1": 25435034007.55211,
    "VOYAGER 2": 21347906079.844185
  },
  "updated_utc": "2026-01-31 04:06:39Z"
}