{
  "earth_dist_km": {
    "VOYAGER 1": 25423547684.428905,
    "VOYAGER 2": 21353506799.04652
  },
  "updated_utc": "2026-02-24 15:41:43Z"
}