{
  "earth_dist_km": {
    "VOYAGER 1": 25435630000.160454,
    "VOYAGER 2": 21346213712.44171
  },
  "updated_utc": "2026-01-28 13:48:28Z"
}