{
  "earth_dist_km": {
    "VOYAGER 1": 25433111948.71568,
    "VOYAGER 2": 21350969961.277493
  },
  "updated_utc": "2026-02-06 04:08:07Z"
}