{
  "earth_dist_km": {
    "VOYAGER 1": 25398029773.333996,
    "VOYAGER 2": 21313607646.33551
  },
  "updated_utc": "2026-05-06 21:44:03Z"
}