{
  "earth_dist_km": {
    "VOYAGER 1": 25402287872.39948,
    "VOYAGER 2": 21338064100.361153
  },
  "updated_utc": "2026-03-31 00:58:08Z"
}