{
  "earth_dist_km": {
    "VOYAGER 1": 25433965602.08739,
    "VOYAGER 2": 21349887299.267975
  },
  "updated_utc": "2026-02-03 18:39:16Z"
}