{
  "earth_dist_km": {
    "VOYAGER 1": 25404674280.517357,
    "VOYAGER 2": 21308524619.746212
  },
  "updated_utc": "2026-05-18 21:48:31Z"
}