{
  "earth_dist_km": {
    "VOYAGER 1": 25396784984.58801,
    "VOYAGER 2": 21315877744.40967
  },
  "updated_utc": "2026-05-02 18:38:38Z"
}