{
  "earth_dist_km": {
    "VOYAGER 1": 25414870555.88513,
    "VOYAGER 2": 21349894337.68147
  },
  "updated_utc": "2026-03-10 00:49:01Z"
}