{
  "earth_dist_km": {
    "VOYAGER 1": 25396073258.64685,
    "VOYAGER 2": 21324623125.84954
  },
  "updated_utc": "2026-04-19 04:25:26Z"
}