{
  "earth_dist_km": {
    "VOYAGER 1": 25418822136.28835,
    "VOYAGER 2": 21351993113.52114
  },
  "updated_utc": "2026-03-04 00:51:21Z"
}