{
  "earth_dist_km": {
    "VOYAGER 1": 25419726272.966576,
    "VOYAGER 2": 21352371585.768726
  },
  "updated_utc": "2026-03-02 15:37:51Z"
}