{
  "earth_dist_km": {
    "VOYAGER 1": 25396032048.466713,
    "VOYAGER 2": 21324385848.487144
  },
  "updated_utc": "2026-04-19 12:38:03Z"
}