{
  "earth_dist_km": {
    "VOYAGER 1": 25420294845.330135,
    "VOYAGER 2": 21352589165.462738
  },
  "updated_utc": "2026-03-01 18:36:07Z"
}