{
  "earth_dist_km": {
    "VOYAGER 1": 25396790194.557552,
    "VOYAGER 2": 21327529265.45621
  },
  "updated_utc": "2026-04-15 01:04:41Z"
}