{
  "earth_dist_km": {
    "VOYAGER 1": 25418255078.487045,
    "VOYAGER 2": 21351735877.26536
  },
  "updated_utc": "2026-03-04 21:36:17Z"
}