{
  "earth_dist_km": {
    "VOYAGER 1": 25426546741.11018,
    "VOYAGER 2": 21353774293.20056
  },
  "updated_utc": "2026-02-19 15:38:39Z"
}