{
  "earth_dist_km": {
    "VOYAGER 1": 25416138395.201534,
    "VOYAGER 2": 21306370972.688293
  },
  "updated_utc": "2026-05-30 21:42:55Z"
}