{
  "earth_dist_km": {
    "VOYAGER 1": 25435069317.690495,
    "VOYAGER 2": 21347822073.177402
  },
  "updated_utc": "2026-01-31 00:48:28Z"
}