{
  "earth_dist_km": {
    "VOYAGER 1": 25425000307.04089,
    "VOYAGER 2": 21353715157.639565
  },
  "updated_utc": "2026-02-22 06:37:57Z"
}