{
  "earth_dist_km": {
    "VOYAGER 1": 25407089356.921337,
    "VOYAGER 2": 21343660783.130775
  },
  "updated_utc": "2026-03-22 06:38:05Z"
}