{
  "earth_dist_km": {
    "VOYAGER 1": 25396760096.942413,
    "VOYAGER 2": 21327431887.962112
  },
  "updated_utc": "2026-04-15 04:22:50Z"
}