{
  "earth_dist_km": {
    "VOYAGER 1": 25424849709.55606,
    "VOYAGER 2": 21353700051.365448
  },
  "updated_utc": "2026-02-22 12:37:30Z"
}