{
  "earth_dist_km": {
    "VOYAGER 1": 25434129907.124252,
    "VOYAGER 2": 21349637615.95817
  },
  "updated_utc": "2026-02-03 06:38:21Z"
}