{
  "earth_dist_km": {
    "VOYAGER 1": 25395840230.365578,
    "VOYAGER 2": 21322921088.358948
  },
  "updated_utc": "2026-04-21 15:51:34Z"
}