{
  "earth_dist_km": {
    "VOYAGER 1": 25463088919.65484,
    "VOYAGER 2": 21316619886.861366
  },
  "updated_utc": "2026-06-28 04:55:43Z"
}