{
  "earth_dist_km": {
    "VOYAGER 1": 25413516891.873405,
    "VOYAGER 2": 21306525953.72019
  },
  "updated_utc": "2026-05-28 13:39:07Z"
}