{
  "earth_dist_km": {
    "VOYAGER 1": 25419563918.14831,
    "VOYAGER 2": 21352306534.248207
  },
  "updated_utc": "2026-03-02 21:36:13Z"
}