{
  "earth_dist_km": {
    "VOYAGER 1": 25431573416.866226,
    "VOYAGER 2": 21352293753.730995
  },
  "updated_utc": "2026-02-09 21:38:05Z"
}