{
  "earth_dist_km": {
    "VOYAGER 1": 25433579121.476757,
    "VOYAGER 2": 21350417811.521225
  },
  "updated_utc": "2026-02-04 21:36:18Z"
}