{
  "earth_dist_km": {
    "VOYAGER 1": 25435483869.24811,
    "VOYAGER 2": 21346693235.35139
  },
  "updated_utc": "2026-01-29 06:38:07Z"
}