{
  "earth_dist_km": {
    "VOYAGER 1": 25400384209.903057,
    "VOYAGER 2": 21311062046.46947
  },
  "updated_utc": "2026-05-12 04:35:59Z"
}