{
  "earth_dist_km": {
    "VOYAGER 1": 25395831668.881496,
    "VOYAGER 2": 21319777523.496975
  },
  "updated_utc": "2026-04-26 09:39:47Z"
}