{
  "earth_dist_km": {
    "VOYAGER 1": 25395762270.584606,
    "VOYAGER 2": 21321225568.198727
  },
  "updated_utc": "2026-04-24 04:27:20Z"
}