{
  "earth_dist_km": {
    "VOYAGER 1": 25426111941.041046,
    "VOYAGER 2": 21353776163.99965
  },
  "updated_utc": "2026-02-20 09:37:19Z"
}