{
  "earth_dist_km": {
    "VOYAGER 1": 25408760352.19102,
    "VOYAGER 2": 21345252169.85288
  },
  "updated_utc": "2026-03-19 12:38:26Z"
}