{
  "earth_dist_km": {
    "VOYAGER 1": 25436051422.35062,
    "VOYAGER 2": 21344402509.571823
  },
  "updated_utc": "2026-01-26 02:50:08Z"
}