{
  "earth_dist_km": {
    "VOYAGER 1": 25401396497.20233,
    "VOYAGER 2": 21336798970.487465
  },
  "updated_utc": "2026-04-01 21:37:19Z"
}