{
  "earth_dist_km": {
    "VOYAGER 1": 25433024833.076176,
    "VOYAGER 2": 21351063934.023186
  },
  "updated_utc": "2026-02-06 09:37:59Z"
}