{
  "earth_dist_km": {
    "VOYAGER 1": 25411169772.197014,
    "VOYAGER 2": 21306800911.18625
  },
  "updated_utc": "2026-05-26 07:38:03Z"
}