{
  "earth_dist_km": {
    "VOYAGER 1": 25403228014.434635,
    "VOYAGER 2": 21339306274.994755
  },
  "updated_utc": "2026-03-29 04:20:37Z"
}