{
  "earth_dist_km": {
    "VOYAGER 1": 25415321641.97267,
    "VOYAGER 2": 21306403769.359016
  },
  "updated_utc": "2026-05-30 04:40:21Z"
}