{
  "earth_dist_km": {
    "VOYAGER 1": 25425892244.083008,
    "VOYAGER 2": 21353771422.66031
  },
  "updated_utc": "2026-02-20 18:37:46Z"
}