{
  "earth_dist_km": {
    "VOYAGER 1": 25502167025.78138,
    "VOYAGER 2": 21333948741.400818
  },
  "updated_utc": "2026-07-14 10:58:10Z"
}