{
  "earth_dist_km": {
    "VOYAGER 1": 25410530008.013783,
    "VOYAGER 2": 21306901764.626938
  },
  "updated_utc": "2026-05-25 16:10:55Z"
}