{
  "earth_dist_km": {
    "VOYAGER 1": 25396685670.663418,
    "VOYAGER 2": 21327185196.78476
  },
  "updated_utc": "2026-04-15 12:44:22Z"
}