{
  "earth_dist_km": {
    "VOYAGER 1": 25427870609.396946,
    "VOYAGER 2": 21307073948.25361
  },
  "updated_utc": "2026-06-08 19:10:42Z"
}