{
  "earth_dist_km": {
    "VOYAGER 1": 25398316893.207787,
    "VOYAGER 2": 21313212604.134098
  },
  "updated_utc": "2026-05-07 16:06:16Z"
}