{
  "earth_dist_km": {
    "VOYAGER 1": 25428484161.32413,
    "VOYAGER 2": 21353562613.436367
  },
  "updated_utc": "2026-02-16 04:10:15Z"
}