{
  "earth_dist_km": {
    "VOYAGER 1": 25398941594.846466,
    "VOYAGER 2": 21332694685.974262
  },
  "updated_utc": "2026-04-07 18:40:56Z"
}