{
  "earth_dist_km": {
    "VOYAGER 1": 25409603690.352936,
    "VOYAGER 2": 21345998807.78356
  },
  "updated_utc": "2026-03-18 04:10:07Z"
}