{
  "earth_dist_km": {
    "VOYAGER 1": 25422923516.84594,
    "VOYAGER 2": 21353376639.061234
  },
  "updated_utc": "2026-02-25 15:43:38Z"
}