{
  "earth_dist_km": {
    "VOYAGER 1": 25421022226.903175,
    "VOYAGER 2": 21352843813.27596
  },
  "updated_utc": "2026-02-28 15:33:01Z"
}