{
  "earth_dist_km": {
    "VOYAGER 1": 25397177344.78038,
    "VOYAGER 2": 21328683250.00057
  },
  "updated_utc": "2026-04-13 10:03:54Z"
}