{
  "earth_dist_km": {
    "VOYAGER 1": 25398986384.726658,
    "VOYAGER 2": 21312402561.883762
  },
  "updated_utc": "2026-05-09 07:06:38Z"
}