{
  "earth_dist_km": {
    "VOYAGER 1": 25423954895.958702,
    "VOYAGER 2": 21306630397.649345
  },
  "updated_utc": "2026-06-06 01:19:52Z"
}