{
  "earth_dist_km": {
    "VOYAGER 1": 25488591344.28009,
    "VOYAGER 2": 21327357607.74791
  },
  "updated_utc": "2026-07-09 04:25:19Z"
}