{
  "earth_dist_km": {
    "VOYAGER 1": 25422845576.903957,
    "VOYAGER 2": 21353358767.337482
  },
  "updated_utc": "2026-02-25 18:42:46Z"
}