{
  "earth_dist_km": {
    "VOYAGER 1": 25433260578.15451,
    "VOYAGER 2": 21350803708.326355
  },
  "updated_utc": "2026-02-05 18:38:22Z"
}