{
  "earth_dist_km": {
    "VOYAGER 1": 25415287641.05133,
    "VOYAGER 2": 21350149096.254353
  },
  "updated_utc": "2026-03-09 09:38:30Z"
}