{
  "earth_dist_km": {
    "VOYAGER 1": 25431056110.76011,
    "VOYAGER 2": 21352612135.360973
  },
  "updated_utc": "2026-02-11 00:59:05Z"
}