{
  "earth_dist_km": {
    "VOYAGER 1": 25396697865.11286,
    "VOYAGER 2": 21316092317.110546
  },
  "updated_utc": "2026-05-02 09:44:53Z"
}