{
  "earth_dist_km": {
    "VOYAGER 1": 25398326500.832535,
    "VOYAGER 2": 21331450297.49261
  },
  "updated_utc": "2026-04-09 12:45:27Z"
}