{
  "earth_dist_km": {
    "VOYAGER 1": 25403067736.346947,
    "VOYAGER 2": 21309280826.985413
  },
  "updated_utc": "2026-05-16 15:41:54Z"
}