{
  "earth_dist_km": {
    "VOYAGER 1": 25438059563.40272,
    "VOYAGER 2": 21308950800.52841
  },
  "updated_utc": "2026-06-15 05:05:27Z"
}