{
  "earth_dist_km": {
    "VOYAGER 1": 25405765134.45634,
    "VOYAGER 2": 21308104697.747803
  },
  "updated_utc": "2026-05-20 07:37:35Z"
}