{
  "earth_dist_km": {
    "VOYAGER 1": 25411412681.455067,
    "VOYAGER 2": 21306765704.14165
  },
  "updated_utc": "2026-05-26 13:25:04Z"
}