{
  "earth_dist_km": {
    "VOYAGER 1": 25436574612.176666,
    "VOYAGER 2": 21308621156.239136
  },
  "updated_utc": "2026-06-14 07:57:09Z"
}