{
  "earth_dist_km": {
    "VOYAGER 1": 25428158942.347805,
    "VOYAGER 2": 21353623617.521835
  },
  "updated_utc": "2026-02-16 18:37:29Z"
}