{
  "earth_dist_km": {
    "VOYAGER 1": 25456789011.630043,
    "VOYAGER 2": 21314369382.15328
  },
  "updated_utc": "2026-06-25 04:47:54Z"
}