{
  "earth_dist_km": {
    "VOYAGER 1": 25396736380.305786,
    "VOYAGER 2": 21327354213.250908
  },
  "updated_utc": "2026-04-15 07:00:51Z"
}