{
  "earth_dist_km": {
    "VOYAGER 1": 25497246698.68251,
    "VOYAGER 2": 21331497932.592773
  },
  "updated_utc": "2026-07-12 13:59:15Z"
}