{
  "earth_dist_km": {
    "VOYAGER 1": 25399089252.640575,
    "VOYAGER 2": 21312289560.367615
  },
  "updated_utc": "2026-05-09 12:42:22Z"
}