{
  "earth_dist_km": {
    "VOYAGER 1": 25408988127.56316,
    "VOYAGER 2": 21307197113.806065
  },
  "updated_utc": "2026-05-24 01:22:16Z"
}