{
  "earth_dist_km": {
    "VOYAGER 1": 25395916031.12609,
    "VOYAGER 2": 21323604241.50411
  },
  "updated_utc": "2026-04-20 15:51:43Z"
}