{
  "earth_dist_km": {
    "VOYAGER 1": 25410723095.983616,
    "VOYAGER 2": 21346935007.79814
  },
  "updated_utc": "2026-03-16 09:45:14Z"
}