{
  "earth_dist_km": {
    "VOYAGER 1": 25416849884.463104,
    "VOYAGER 2": 21351034203.647263
  },
  "updated_utc": "2026-03-07 00:49:39Z"
}