{
  "earth_dist_km": {
    "VOYAGER 1": 25428465709.11754,
    "VOYAGER 2": 21307156464.80759
  },
  "updated_utc": "2026-06-09 04:48:30Z"
}