{
  "earth_dist_km": {
    "VOYAGER 1": 25452008618.353138,
    "VOYAGER 2": 21312791077.40784
  },
  "updated_utc": "2026-06-22 19:35:13Z"
}