{
  "earth_dist_km": {
    "VOYAGER 1": 25407315510.87511,
    "VOYAGER 2": 21343884896.080715
  },
  "updated_utc": "2026-03-21 21:33:59Z"
}