{
  "earth_dist_km": {
    "VOYAGER 1": 25435870780.888412,
    "VOYAGER 2": 21345280976.269093
  },
  "updated_utc": "2026-01-27 06:36:31Z"
}