{
  "earth_dist_km": {
    "VOYAGER 1": 25395905720.49718,
    "VOYAGER 2": 21323522805.75925
  },
  "updated_utc": "2026-04-20 18:42:56Z"
}