{
  "earth_dist_km": {
    "VOYAGER 1": 25412417448.08625,
    "VOYAGER 2": 21348238628.448578
  },
  "updated_utc": "2026-03-13 18:40:23Z"
}