{
  "earth_dist_km": {
    "VOYAGER 1": 25402571454.85379,
    "VOYAGER 2": 21309554247.34473
  },
  "updated_utc": "2026-05-15 21:42:12Z"
}