{
  "earth_dist_km": {
    "VOYAGER 1": 25417689269.23692,
    "VOYAGER 2": 21306343800.21919
  },
  "updated_utc": "2026-06-01 05:05:16Z"
}