{
  "earth_dist_km": {
    "VOYAGER 1": 25430899774.118782,
    "VOYAGER 2": 21307531867.460728
  },
  "updated_utc": "2026-06-10 19:17:05Z"
}