{
  "earth_dist_km": {
    "VOYAGER 1": 25397735985.96483,
    "VOYAGER 2": 21330120219.25849
  },
  "updated_utc": "2026-04-11 09:36:57Z"
}