{
  "earth_dist_km": {
    "VOYAGER 1": 25424087323.80943,
    "VOYAGER 2": 21353600151.384018
  },
  "updated_utc": "2026-02-23 18:41:51Z"
}