{
  "earth_dist_km": {
    "VOYAGER 1": 25395897705.107414,
    "VOYAGER 2": 21319200927.046173
  },
  "updated_utc": "2026-04-27 07:17:53Z"
}