{
  "earth_dist_km": {
    "VOYAGER 1": 25416030458.920822,
    "VOYAGER 2": 21350583593.795647
  },
  "updated_utc": "2026-03-08 06:37:19Z"
}