{
  "earth_dist_km": {
    "VOYAGER 1": 25400497512.557873,
    "VOYAGER 2": 21335418835.149845
  },
  "updated_utc": "2026-04-03 21:35:58Z"
}