{
  "earth_dist_km": {
    "VOYAGER 1": 25515507813.91927,
    "VOYAGER 2": 21340920460.959263
  },
  "updated_utc": "2026-07-19 08:36:29Z"
}