{
  "earth_dist_km": {
    "VOYAGER 1": 25420617736.190125,
    "VOYAGER 2": 21352705534.755814
  },
  "updated_utc": "2026-03-01 06:37:45Z"
}