{
  "earth_dist_km": {
    "VOYAGER 1": 25433796799.087032,
    "VOYAGER 2": 21350128211.170937
  },
  "updated_utc": "2026-02-04 06:38:38Z"
}