{
  "earth_dist_km": {
    "VOYAGER 1": 25430533520.82909,
    "VOYAGER 2": 21307471613.099144
  },
  "updated_utc": "2026-06-10 13:35:49Z"
}