{
  "earth_dist_km": {
    "VOYAGER 1": 25434908137.57038,
    "VOYAGER 2": 21348193113.387238
  },
  "updated_utc": "2026-01-31 15:34:04Z"
}