{
  "earth_dist_km": {
    "VOYAGER 1": 25440437722.507877,
    "VOYAGER 2": 21309513769.30108
  },
  "updated_utc": "2026-06-16 14:09:13Z"
}