{
  "earth_dist_km": {
    "VOYAGER 1": 25411775475.299335,
    "VOYAGER 2": 21306716167.768253
  },
  "updated_utc": "2026-05-26 21:58:00Z"
}