{
  "earth_dist_km": {
    "VOYAGER 1": 25401940209.894672,
    "VOYAGER 2": 21309934379.82199
  },
  "updated_utc": "2026-05-14 21:46:59Z"
}