{
  "earth_dist_km": {
    "VOYAGER 1": 25434628923.256615,
    "VOYAGER 2": 21348769495.557194
  },
  "updated_utc": "2026-02-01 15:34:28Z"
}