{
  "earth_dist_km": {
    "VOYAGER 1": 25431510878.32508,
    "VOYAGER 2": 21352335096.157883
  },
  "updated_utc": "2026-02-10 01:00:22Z"
}