{
  "earth_dist_km": {
    "VOYAGER 1": 25404892988.58427,
    "VOYAGER 2": 21308434947.856388
  },
  "updated_utc": "2026-05-19 04:45:27Z"
}