{
  "earth_dist_km": {
    "VOYAGER 1": 25526299206.849354,
    "VOYAGER 2": 21346881750.118736
  },
  "updated_utc": "2026-07-23 03:48:38Z"
}