{
  "earth_dist_km": {
    "VOYAGER 1": 25395856357.070766,
    "VOYAGER 2": 21319537630.197346
  },
  "updated_utc": "2026-04-26 18:37:58Z"
}