{
  "earth_dist_km": {
    "VOYAGER 1": 25422598494.09161,
    "VOYAGER 2": 21353299789.613224
  },
  "updated_utc": "2026-02-26 04:08:08Z"
}