{
  "earth_dist_km": {
    "VOYAGER 1": 25399270777.803364,
    "VOYAGER 2": 21333315287.678513
  },
  "updated_utc": "2026-04-06 21:36:43Z"
}