{
  "earth_dist_km": {
    "VOYAGER 1": 25424011858.568176,
    "VOYAGER 2": 21353588198.06731
  },
  "updated_utc": "2026-02-23 21:38:02Z"
}