{
  "earth_dist_km": {
    "VOYAGER 1": 25398363326.106987,
    "VOYAGER 2": 21313151715.780132
  },
  "updated_utc": "2026-05-07 18:58:51Z"
}