{
  "earth_dist_km": {
    "VOYAGER 1": 25445391896.124096,
    "VOYAGER 2": 21310814409.834087
  },
  "updated_utc": "2026-06-19 08:16:42Z"
}