{
  "earth_dist_km": {
    "VOYAGER 1": 25396710719.054913,
    "VOYAGER 2": 21327269196.540356
  },
  "updated_utc": "2026-04-15 09:53:38Z"
}