{
  "earth_dist_km": {
    "VOYAGER 1": 25397346106.592594,
    "VOYAGER 2": 21329140711.110214
  },
  "updated_utc": "2026-04-12 18:37:39Z"
}