{
  "earth_dist_km": {
    "VOYAGER 1": 25398663204.60805,
    "VOYAGER 2": 21312776308.651775
  },
  "updated_utc": "2026-05-08 12:52:09Z"
}