{
  "earth_dist_km": {
    "VOYAGER 1": 25444391859.60105,
    "VOYAGER 2": 21310538709.68302
  },
  "updated_utc": "2026-06-18 19:12:12Z"
}