{
  "earth_dist_km": {
    "VOYAGER 1": 25400767867.016335,
    "VOYAGER 2": 21335846262.30345
  },
  "updated_utc": "2026-04-03 06:48:48Z"
}