{
  "earth_dist_km": {
    "VOYAGER 1": 25408979474.104668,
    "VOYAGER 2": 21345449678.129684
  },
  "updated_utc": "2026-03-19 04:09:13Z"
}