{
  "earth_dist_km": {
    "VOYAGER 1": 25435991445.69039,
    "VOYAGER 2": 21344717251.026226
  },
  "updated_utc": "2026-01-26 12:37:38Z"
}