{
  "earth_dist_km": {
    "VOYAGER 1": 25496898812.577503,
    "VOYAGER 2": 21331327247.422462
  },
  "updated_utc": "2026-07-12 10:46:51Z"
}