{
  "earth_dist_km": {
    "VOYAGER 1": 25396934036.578903,
    "VOYAGER 2": 21327977804.215992
  },
  "updated_utc": "2026-04-14 09:53:01Z"
}