{
  "earth_dist_km": {
    "VOYAGER 1": 25511237600.467247,
    "VOYAGER 2": 21338639051.13519
  },
  "updated_utc": "2026-07-17 19:35:55Z"
}