{
  "earth_dist_km": {
    "VOYAGER 1": 25401869723.50018,
    "VOYAGER 2": 21309979275.041924
  },
  "updated_utc": "2026-05-14 19:02:37Z"
}