{
  "earth_dist_km": {
    "VOYAGER 1": 25425062481.07867,
    "VOYAGER 2": 21353720935.099773
  },
  "updated_utc": "2026-02-22 04:08:11Z"
}