{
  "earth_dist_km": {
    "VOYAGER 1": 25430470416.963108,
    "VOYAGER 2": 21352913380.480877
  },
  "updated_utc": "2026-02-12 06:43:26Z"
}