{
  "earth_dist_km": {
    "VOYAGER 1": 25406886426.603245,
    "VOYAGER 2": 21307737884.373306
  },
  "updated_utc": "2026-05-21 16:23:35Z"
}