{
  "earth_dist_km": {
    "VOYAGER 1": 25410761364.46983,
    "VOYAGER 2": 21306863906.36289
  },
  "updated_utc": "2026-05-25 21:48:12Z"
}