{
  "earth_dist_km": {
    "VOYAGER 1": 25419969639.091217,
    "VOYAGER 2": 21352466675.981556
  },
  "updated_utc": "2026-03-02 06:38:48Z"
}