{
  "earth_dist_km": {
    "VOYAGER 1": 25438732404.477665,
    "VOYAGER 2": 21309105791.30567
  },
  "updated_utc": "2026-06-15 14:32:19Z"
}