{
  "earth_dist_km": {
    "VOYAGER 1": 25405352993.795933,
    "VOYAGER 2": 21308255496.979076
  },
  "updated_utc": "2026-05-19 19:05:23Z"
}