{
  "earth_dist_km": {
    "VOYAGER 1": 25421661021.344875,
    "VOYAGER 2": 21353044809.91917
  },
  "updated_utc": "2026-02-27 15:37:00Z"
}