{
  "earth_dist_km": {
    "VOYAGER 1": 25433530361.869717,
    "VOYAGER 2": 21350479670.972836
  },
  "updated_utc": "2026-02-05 00:53:22Z"
}