{
  "earth_dist_km": {
    "VOYAGER 1": 25433398668.461506,
    "VOYAGER 2": 21350641594.627983
  },
  "updated_utc": "2026-02-05 09:38:04Z"
}