{
  "earth_dist_km": {
    "VOYAGER 1": 25410645993.94828,
    "VOYAGER 2": 21346872475.891582
  },
  "updated_utc": "2026-03-16 12:39:08Z"
}