{
  "earth_dist_km": {
    "VOYAGER 1": 25404333905.45541,
    "VOYAGER 2": 21308670059.99345
  },
  "updated_utc": "2026-05-18 10:48:04Z"
}