{
  "earth_dist_km": {
    "VOYAGER 1": 25397328366.664696,
    "VOYAGER 2": 21314742777.203304
  },
  "updated_utc": "2026-05-04 18:57:01Z"
}