{
  "earth_dist_km": {
    "VOYAGER 1": 25428249869.619507,
    "VOYAGER 2": 21307126101.771282
  },
  "updated_utc": "2026-06-09 01:19:26Z"
}