{
  "earth_dist_km": {
    "VOYAGER 1": 25406785208.732628,
    "VOYAGER 2": 21307768551.280807
  },
  "updated_utc": "2026-05-21 13:30:30Z"
}