{
  "earth_dist_km": {
    "VOYAGER 1": 25399913261.19208,
    "VOYAGER 2": 21334453560.941174
  },
  "updated_utc": "2026-04-05 06:46:52Z"
}