{
  "earth_dist_km": {
    "VOYAGER 1": 25398757372.281017,
    "VOYAGER 2": 21332334491.13873
  },
  "updated_utc": "2026-04-08 06:52:52Z"
}