{
  "earth_dist_km": {
    "VOYAGER 1": 25417670991.082657,
    "VOYAGER 2": 21351455230.144707
  },
  "updated_utc": "2026-03-05 18:55:45Z"
}