{
  "earth_dist_km": {
    "VOYAGER 1": 25396060503.79386,
    "VOYAGER 2": 21324551352.605938
  },
  "updated_utc": "2026-04-19 06:54:54Z"
}