{
  "earth_dist_km": {
    "VOYAGER 1": 25524018008.10396,
    "VOYAGER 2": 21345598951.924442
  },
  "updated_utc": "2026-07-22 08:47:28Z"
}