{
  "earth_dist_km": {
    "VOYAGER 1": 25447624398.799706,
    "VOYAGER 2": 21311452483.461025
  },
  "updated_utc": "2026-06-20 12:58:22Z"
}