{
  "earth_dist_km": {
    "VOYAGER 1": 25425523923.45055,
    "VOYAGER 2": 21353755236.198326
  },
  "updated_utc": "2026-02-21 09:35:36Z"
}