{
  "earth_dist_km": {
    "VOYAGER 1": 25433163909.70555,
    "VOYAGER 2": 21350912775.959114
  },
  "updated_utc": "2026-02-06 00:50:08Z"
}