{
  "earth_dist_km": {
    "VOYAGER 1": 25427194996.563465,
    "VOYAGER 2": 21306984889.55735
  },
  "updated_utc": "2026-06-08 08:07:51Z"
}