{
  "earth_dist_km": {
    "VOYAGER 1": 25407539179.68335,
    "VOYAGER 2": 21344104466.05194
  },
  "updated_utc": "2026-03-21 12:37:17Z"
}