{
  "earth_dist_km": {
    "VOYAGER 1": 25428696956.06812,
    "VOYAGER 2": 21353516508.641346
  },
  "updated_utc": "2026-02-15 18:36:41Z"
}