{
  "earth_dist_km": {
    "VOYAGER 1": 25410408100.218807,
    "VOYAGER 2": 21346677737.219154
  },
  "updated_utc": "2026-03-16 21:37:10Z"
}