{
  "earth_dist_km": {
    "VOYAGER 1": 25436028807.162983,
    "VOYAGER 2": 21344524361.80803
  },
  "updated_utc": "2026-01-26 06:36:43Z"
}