{
  "earth_dist_km": {
    "VOYAGER 1": 25429669691.31123,
    "VOYAGER 2": 21353237761.636772
  },
  "updated_utc": "2026-02-13 21:36:38Z"
}