{
  "earth_dist_km": {
    "VOYAGER 1": 25435827428.838646,
    "VOYAGER 2": 21345465309.01471
  },
  "updated_utc": "2026-01-27 12:37:38Z"
}