{
  "earth_dist_km": {
    "VOYAGER 1": 25431120916.776276,
    "VOYAGER 2": 21352575088.971424
  },
  "updated_utc": "2026-02-10 21:37:49Z"
}