{
  "earth_dist_km": {
    "VOYAGER 1": 25435313348.61399,
    "VOYAGER 2": 21347193106.503002
  },
  "updated_utc": "2026-01-30 00:50:47Z"
}