{
  "earth_dist_km": {
    "VOYAGER 1": 25396210724.22443,
    "VOYAGER 2": 21325323688.458706
  },
  "updated_utc": "2026-04-18 04:16:46Z"
}