{
  "earth_dist_km": {
    "VOYAGER 1": 25398817531.56532,
    "VOYAGER 2": 21312594138.90158
  },
  "updated_utc": "2026-05-08 21:42:58Z"
}