{
  "earth_dist_km": {
    "VOYAGER 1": 25399506982.354397,
    "VOYAGER 2": 21333744195.17554
  },
  "updated_utc": "2026-04-06 07:00:51Z"
}