{
  "earth_dist_km": {
    "VOYAGER 1": 25436044282.419468,
    "VOYAGER 2": 21344441421.437935
  },
  "updated_utc": "2026-01-26 04:02:48Z"
}