{
  "earth_dist_km": {
    "VOYAGER 1": 25405956193.31683,
    "VOYAGER 2": 21308037828.897663
  },
  "updated_utc": "2026-05-20 13:20:09Z"
}