{
  "earth_dist_km": {
    "VOYAGER 1": 25410235698.298462,
    "VOYAGER 2": 21346534899.970608
  },
  "updated_utc": "2026-03-17 04:08:13Z"
}