{
  "earth_dist_km": {
    "VOYAGER 1": 25395763389.11089,
    "VOYAGER 2": 21321074456.217304
  },
  "updated_utc": "2026-04-24 09:56:02Z"
}