{
  "earth_dist_km": {
    "VOYAGER 1": 25429221669.25199,
    "VOYAGER 2": 21353380620.23311
  },
  "updated_utc": "2026-02-14 18:36:19Z"
}