{
  "earth_dist_km": {
    "VOYAGER 1": 25397449338.954166,
    "VOYAGER 2": 21314525787.498295
  },
  "updated_utc": "2026-05-05 04:27:38Z"
}