{
  "earth_dist_km": {
    "VOYAGER 1": 25408682653.441784,
    "VOYAGER 2": 21345181533.115932
  },
  "updated_utc": "2026-03-19 15:39:02Z"
}