{
  "earth_dist_km": {
    "VOYAGER 1": 25422248685.176735,
    "VOYAGER 2": 21306496095.151657
  },
  "updated_utc": "2026-06-04 19:08:51Z"
}