{
  "earth_dist_km": {
    "VOYAGER 1": 25397114841.68898,
    "VOYAGER 2": 21315153726.504204
  },
  "updated_utc": "2026-05-04 01:12:07Z"
}