{
  "earth_dist_km": {
    "VOYAGER 1": 25425966035.473526,
    "VOYAGER 2": 21353773431.46018
  },
  "updated_utc": "2026-02-20 15:36:51Z"
}