{
  "earth_dist_km": {
    "VOYAGER 1": 25415865450.267235,
    "VOYAGER 2": 21350489205.880646
  },
  "updated_utc": "2026-03-08 12:37:29Z"
}