{
  "earth_dist_km": {
    "VOYAGER 1": 25431792157.990032,
    "VOYAGER 2": 21352142540.658894
  },
  "updated_utc": "2026-02-09 09:43:41Z"
}