{
  "earth_dist_km": {
    "VOYAGER 1": 25421966180.457844,
    "VOYAGER 2": 21353133129.842113
  },
  "updated_utc": "2026-02-27 04:07:44Z"
}