{
  "earth_dist_km": {
    "VOYAGER 1": 25406557730.10807,
    "VOYAGER 2": 21343121090.01419
  },
  "updated_utc": "2026-03-23 04:12:29Z"
}