{
  "earth_dist_km": {
    "VOYAGER 1": 25448089455.17488,
    "VOYAGER 2": 21311589213.50946
  },
  "updated_utc": "2026-06-20 18:52:22Z"
}