{
  "earth_dist_km": {
    "VOYAGER 1": 25399728798.47296,
    "VOYAGER 2": 21311642448.244553
  },
  "updated_utc": "2026-05-10 21:37:59Z"
}