{
  "earth_dist_km": {
    "VOYAGER 1": 25467968010.124413,
    "VOYAGER 2": 21318483785.548595
  },
  "updated_utc": "2026-06-30 10:34:18Z"
}