{
  "earth_dist_km": {
    "VOYAGER 1": 25406134530.77003,
    "VOYAGER 2": 21342679134.94674
  },
  "updated_utc": "2026-03-23 21:36:44Z"
}