{
  "earth_dist_km": {
    "VOYAGER 1": 25402219247.379375,
    "VOYAGER 2": 21337969447.911873
  },
  "updated_utc": "2026-03-31 04:19:59Z"
}