{
  "earth_dist_km": {
    "VOYAGER 1": 25521195664.126003,
    "VOYAGER 2": 21344028407.95935
  },
  "updated_utc": "2026-07-21 09:04:19Z"
}