{
  "earth_dist_km": {
    "VOYAGER 1": 25462446621.997387,
    "VOYAGER 2": 21316382126.80187
  },
  "updated_utc": "2026-06-27 21:43:29Z"
}