{
  "earth_dist_km": {
    "VOYAGER 1": 25429084494.43116,
    "VOYAGER 2": 21353419302.557278
  },
  "updated_utc": "2026-02-15 00:56:50Z"
}