{
  "earth_dist_km": {
    "VOYAGER 1": 25433443603.02194,
    "VOYAGER 2": 21350587171.84152
  },
  "updated_utc": "2026-02-05 06:40:29Z"
}