{
  "earth_dist_km": {
    "VOYAGER 1": 25414461255.030422,
    "VOYAGER 2": 21349636798.960583
  },
  "updated_utc": "2026-03-10 15:44:01Z"
}