{
  "earth_dist_km": {
    "VOYAGER 1": 25512158791.034676,
    "VOYAGER 2": 21339127348.646587
  },
  "updated_utc": "2026-07-18 03:37:05Z"
}