{
  "earth_dist_km": {
    "VOYAGER 1": 25396988464.39777,
    "VOYAGER 2": 21328140959.25701
  },
  "updated_utc": "2026-04-14 04:22:55Z"
}