{
  "earth_dist_km": {
    "VOYAGER 1": 25429981392.172794,
    "VOYAGER 2": 21353122565.593853
  },
  "updated_utc": "2026-02-13 06:41:43Z"
}