{
  "earth_dist_km": {
    "VOYAGER 1": 25396487067.716038,
    "VOYAGER 2": 21326478343.765396
  },
  "updated_utc": "2026-04-16 12:46:45Z"
}