{
  "earth_dist_km": {
    "VOYAGER 1": 25403152342.68362,
    "VOYAGER 2": 21309236269.16363
  },
  "updated_utc": "2026-05-16 18:41:50Z"
}