{
  "earth_dist_km": {
    "VOYAGER 1": 25464600652.64721,
    "VOYAGER 2": 21317186602.822876
  },
  "updated_utc": "2026-06-28 21:44:25Z"
}