{
  "earth_dist_km": {
    "VOYAGER 1": 25395953975.404976,
    "VOYAGER 2": 21318821336.627434
  },
  "updated_utc": "2026-04-27 21:41:01Z"
}