{
  "earth_dist_km": {
    "VOYAGER 1": 25401570417.63275,
    "VOYAGER 2": 21337053246.836735
  },
  "updated_utc": "2026-04-01 12:42:57Z"
}