{
  "earth_dist_km": {
    "VOYAGER 1": 25397274334.115044,
    "VOYAGER 2": 21328948984.05646
  },
  "updated_utc": "2026-04-13 01:05:00Z"
}