{
  "earth_dist_km": {
    "VOYAGER 1": 25435689058.303528,
    "VOYAGER 2": 21346003545.75487
  },
  "updated_utc": "2026-01-28 06:36:41Z"
}