{
  "earth_dist_km": {
    "VOYAGER 1": 25429287035.026302,
    "VOYAGER 2": 21353361373.178566
  },
  "updated_utc": "2026-02-14 15:34:50Z"
}