{
  "earth_dist_km": {
    "VOYAGER 1": 25434441866.180397,
    "VOYAGER 2": 21349116423.830765
  },
  "updated_utc": "2026-02-02 06:43:50Z"
}