{
  "earth_dist_km": {
    "VOYAGER 1": 25407845308.71949,
    "VOYAGER 2": 21307469387.85103
  },
  "updated_utc": "2026-05-22 19:02:16Z"
}