{
  "earth_dist_km": {
    "VOYAGER 1": 25430168465.657715,
    "VOYAGER 2": 21353046793.993374
  },
  "updated_utc": "2026-02-12 21:36:42Z"
}