{
  "earth_dist_km": {
    "VOYAGER 1": 25397641657.78254,
    "VOYAGER 2": 21314200893.12031
  },
  "updated_utc": "2026-05-05 18:51:57Z"
}