{
  "earth_dist_km": {
    "VOYAGER 1": 25436048950.09317,
    "VOYAGER 2": 21344416030.355244
  },
  "updated_utc": "2026-01-26 03:15:31Z"
}