{
  "earth_dist_km": {
    "VOYAGER 1": 25424391411.276077,
    "VOYAGER 2": 21353644600.17914
  },
  "updated_utc": "2026-02-23 06:45:01Z"
}