{
  "earth_dist_km": {
    "VOYAGER 1": 25417843295.592594,
    "VOYAGER 2": 21351539661.632847
  },
  "updated_utc": "2026-03-05 12:38:22Z"
}