{
  "earth_dist_km": {
    "VOYAGER 1": 25396609482.673634,
    "VOYAGER 2": 21326923111.719025
  },
  "updated_utc": "2026-04-15 21:38:33Z"
}