{
  "earth_dist_km": {
    "VOYAGER 1": 25422216889.520306,
    "VOYAGER 2": 21353201878.509815
  },
  "updated_utc": "2026-02-26 18:38:30Z"
}