{
  "earth_dist_km": {
    "VOYAGER 1": 25399493484.956974,
    "VOYAGER 2": 21311870187.77733
  },
  "updated_utc": "2026-05-10 09:52:03Z"
}