{
  "earth_dist_km": {
    "VOYAGER 1": 25433680024.62905,
    "VOYAGER 2": 21308030230.896835
  },
  "updated_utc": "2026-06-12 13:35:01Z"
}