{
  "earth_dist_km": {
    "VOYAGER 1": 25399712399.937805,
    "VOYAGER 2": 21334107107.445683
  },
  "updated_utc": "2026-04-05 18:37:15Z"
}