{
  "earth_dist_km": {
    "VOYAGER 1": 25462776320.599922,
    "VOYAGER 2": 21316503944.160587
  },
  "updated_utc": "2026-06-28 01:25:37Z"
}