{
  "earth_dist_km": {
    "VOYAGER 1": 25434801110.771534,
    "VOYAGER 2": 21348423189.944843
  },
  "updated_utc": "2026-02-01 00:59:57Z"
}