{
  "earth_dist_km": {
    "VOYAGER 1": 25406206312.825157,
    "VOYAGER 2": 21342754888.35683
  },
  "updated_utc": "2026-03-23 18:38:40Z"
}