{
  "earth_dist_km": {
    "VOYAGER 1": 25428960239.288696,
    "VOYAGER 2": 21353452382.469433
  },
  "updated_utc": "2026-02-15 06:38:37Z"
}