{
  "earth_dist_km": {
    "VOYAGER 1": 25406250661.10383,
    "VOYAGER 2": 21307938381.423294
  },
  "updated_utc": "2026-05-20 22:02:42Z"
}