{
  "earth_dist_km": {
    "VOYAGER 1": 25396010544.290188,
    "VOYAGER 2": 21318496399.03117
  },
  "updated_utc": "2026-04-28 10:07:54Z"
}