{
  "earth_dist_km": {
    "VOYAGER 1": 25398494811.155075,
    "VOYAGER 2": 21331803170.576813
  },
  "updated_utc": "2026-04-09 00:50:57Z"
}