{
  "earth_dist_km": {
    "VOYAGER 1": 25430033776.98248,
    "VOYAGER 2": 21353101862.255997
  },
  "updated_utc": "2026-02-13 04:09:14Z"
}