{
  "earth_dist_km": {
    "VOYAGER 1": 25412072178.116066,
    "VOYAGER 2": 21306678298.244137
  },
  "updated_utc": "2026-05-27 04:53:01Z"
}