{
  "earth_dist_km": {
    "VOYAGER 1": 25404241288.975796,
    "VOYAGER 2": 21308710918.58086
  },
  "updated_utc": "2026-05-18 07:46:40Z"
}