{
  "earth_dist_km": {
    "VOYAGER 1": 25397925380.807323,
    "VOYAGER 2": 21330564290.011044
  },
  "updated_utc": "2026-04-10 18:38:17Z"
}