{
  "earth_dist_km": {
    "VOYAGER 1": 25420959669.522057,
    "VOYAGER 2": 21306420985.487633
  },
  "updated_utc": "2026-06-03 19:39:03Z"
}