{
  "earth_dist_km": {
    "VOYAGER 1": 25396509693.85998,
    "VOYAGER 2": 21326562994.09324
  },
  "updated_utc": "2026-04-16 09:53:08Z"
}