{
  "earth_dist_km": {
    "VOYAGER 1": 25411510710.22549,
    "VOYAGER 2": 21347557631.86342
  },
  "updated_utc": "2026-03-15 04:17:52Z"
}