{
  "earth_dist_km": {
    "VOYAGER 1": 25410906755.837254,
    "VOYAGER 2": 21306840925.54878
  },
  "updated_utc": "2026-05-26 01:19:08Z"
}