{
  "earth_dist_km": {
    "VOYAGER 1": 25398040791.845055,
    "VOYAGER 2": 21330826310.31447
  },
  "updated_utc": "2026-04-10 09:48:37Z"
}