{
  "earth_dist_km": {
    "VOYAGER 1": 25403236046.489986,
    "VOYAGER 2": 21309192750.624672
  },
  "updated_utc": "2026-05-16 21:38:12Z"
}